Date,Message,Motor Index,12:00:00 AM,Motor Index,12:00:00 AM,05:30:00 AM,06:00:00 AM,06:30:00 AM,07:00:00 AM,07:30:00 AM,08:00:00 AM,05:30:00 PM,06:00:00 PM,06:30:00 PM,07:00:00 PM,07:30:00 PM,08:00:00 PM,Motor Index,12:00:00 AM,05:30:00 AM,06:00:00 AM,06:30:00 AM,07:00:00 AM,07:30:00 AM,08:00:00 AM,05:30:00 PM,06:00:00 PM,06:30:00 PM,07:00:00 PM,07:30:00 PM,08:00:00 PM
01/01/15,Happy New Year,1,Winter,2,Star,Star,Star,Star,Star,Star,Sun,Birds,Birds,Birds,Birds,Star,Star,3,Full,Full,Full,Full,Full,NewMoon,NewMoon,NewMoon,NewMoon,DyingCrescent,DyingCrescent,DyingCrescent,DyingCrescent
01/02/15,,1,Winter,2,Star,Star,Star,Star,Star,Star,Sun,Birds,Birds,Birds,Birds,Star,Star,3,Full,Full,Full,Full,Full,NewMoon,NewMoon,NewMoon,NewMoon,DyingCrescent,DyingCrescent,DyingCrescent,DyingCrescent
01/03/15,,1,Winter,2,Star,Star,Star,Star,Star,Star,Sun,Birds,Birds,Birds,Birds,Star,Star,3,Full,Full,Full,Full,Full,NewMoon,NewMoon,NewMoon,NewMoon,DyingCrescent,DyingCrescent,DyingCrescent,DyingCrescent
01/04/15,,1,Winter,2,Star,Star,Star,Star,Star,Star,Sun,Birds,Birds,Birds,Birds,Star,Star,3,Full,Full,Full,Full,Full,NewMoon,NewMoon,NewMoon,NewMoon,DyingCrescent,DyingCrescent,DyingCrescent,DyingCrescent
01/05/15,,1,Winter,2,Star,Star,Star,Star,Star,Star,Sun,Birds,Birds,Birds,Birds,Star,Star,3,Full,Full,Full,Full,Full,NewMoon,NewMoon,NewMoon,NewMoon,DyingCrescent,DyingCrescent,DyingCrescent,DyingCrescent
01/06/15,,1,Winter,2,Star,Star,Star,Star,Star,Star,Sun,Birds,Birds,Birds,Birds,Star,Star,3,Full,Full,Full,Full,Full,NewMoon,NewMoon,NewMoon,NewMoon,DyingCrescent,DyingCrescent,DyingCrescent,DyingCrescent
01/07/15,,1,Winter,2,Star,Star,Star,Star,Star,Star,Sun,Birds,Birds,Birds,Birds,Star,Star,3,Full,Full,Full,Full,Full,NewMoon,NewMoon,NewMoon,NewMoon,DyingCrescent,DyingCrescent,DyingCrescent,DyingCrescent
01/08/15,,1,Winter,2,Star,Star,Star,Star,Star,Star,Sun,Birds,Birds,Birds,Birds,Star,Star,3,Full,Full,Full,Full,Full,NewMoon,NewMoon,NewMoon,NewMoon,DyingCrescent,DyingCrescent,DyingCrescent,DyingCrescent
01/09/15,,1,Winter,2,Star,Star,Star,Star,Star,Star,Sun,Birds,Birds,Birds,Birds,Star,Star,3,Full,Full,Full,Full,Full,NewMoon,NewMoon,NewMoon,NewMoon,DyingCrescent,DyingCrescent,DyingCrescent,DyingCrescent
01/10/15,,1,Winter,2,Star,Star,Star,Star,Star,Star,Sun,Birds,Birds,Birds,Birds,Star,Star,3,Full,Full,Full,Full,Full,NewMoon,NewMoon,NewMoon,NewMoon,DyingCrescent,DyingCrescent,DyingCrescent,DyingCrescent
01/11/15,,1,Winter,2,Star,Star,Star,Star,Star,Star,Sun,Birds,Birds,Birds,Birds,Star,Star,3,Full,Full,Full,Full,Full,NewMoon,NewMoon,NewMoon,NewMoon,DyingCrescent,DyingCrescent,DyingCrescent,DyingCrescent
01/12/15,,1,Winter,2,Star,Star,Star,Star,Star,Star,Sun,Birds,Birds,Birds,Birds,Star,Star,3,Full,Full,Full,Full,Full,NewMoon,NewMoon,NewMoon,NewMoon,DyingCrescent,DyingCrescent,DyingCrescent,DyingCrescent
01/13/15,,1,Winter,2,Star,Star,Star,Star,Star,Star,Sun,Birds,Birds,Birds,Birds,Star,Star,3,Full,Full,Full,Full,Full,NewMoon,NewMoon,NewMoon,NewMoon,DyingCrescent,DyingCrescent,DyingCrescent,DyingCrescent
01/14/15,,1,Winter,2,Star,Star,Star,Star,Star,Star,Sun,Birds,Birds,Birds,Birds,Star,Star,3,Full,Full,Full,Full,Full,NewMoon,NewMoon,NewMoon,NewMoon,DyingCrescent,DyingCrescent,DyingCrescent,DyingCrescent
01/15/15,,1,Winter,2,Star,Star,Star,Star,Star,Star,Sun,Birds,Birds,Birds,Birds,Star,Star,3,Full,Full,Full,Full,Full,NewMoon,NewMoon,NewMoon,NewMoon,DyingCrescent,DyingCrescent,DyingCrescent,DyingCrescent
01/16/15,,1,Winter,2,Star,Star,Star,Star,Star,Star,Sun,Birds,Birds,Birds,Birds,Star,Star,3,Full,Full,Full,Full,Full,NewMoon,NewMoon,NewMoon,NewMoon,DyingCrescent,DyingCrescent,DyingCrescent,DyingCrescent
01/17/15,,1,Winter,2,Star,Star,Star,Star,Star,Star,Sun,Birds,Birds,Birds,Birds,Star,Star,3,Full,Full,Full,Full,Full,NewMoon,NewMoon,NewMoon,NewMoon,DyingCrescent,DyingCrescent,DyingCrescent,DyingCrescent
01/18/15,,1,Winter,2,Star,Star,Star,Star,Star,Star,Sun,Birds,Birds,Birds,Birds,Star,Star,3,Full,Full,Full,Full,Full,NewMoon,NewMoon,NewMoon,NewMoon,DyingCrescent,DyingCrescent,DyingCrescent,DyingCrescent
01/19/15,,1,Winter,2,Star,Star,Star,Star,Star,Star,Sun,Birds,Birds,Birds,Birds,Star,Star,3,Full,Full,Full,Full,Full,NewMoon,NewMoon,NewMoon,NewMoon,DyingCrescent,DyingCrescent,DyingCrescent,DyingCrescent
01/20/15,,1,Winter,2,Star,Star,Star,Star,Star,Star,Sun,Birds,Birds,Birds,Birds,Star,Star,3,Full,Full,Full,Full,Full,NewMoon,NewMoon,NewMoon,NewMoon,DyingCrescent,DyingCrescent,DyingCrescent,DyingCrescent
01/21/15,,1,Winter,2,Star,Star,Star,Star,Star,Star,Sun,Birds,Birds,Birds,Birds,Star,Star,3,Full,Full,Full,Full,Full,NewMoon,NewMoon,NewMoon,NewMoon,DyingCrescent,DyingCrescent,DyingCrescent,DyingCrescent
01/22/15,,1,Winter,2,Star,Star,Star,Star,Star,Star,Sun,Birds,Birds,Birds,Birds,Star,Star,3,Full,Full,Full,Full,Full,NewMoon,NewMoon,NewMoon,NewMoon,DyingCrescent,DyingCrescent,DyingCrescent,DyingCrescent
01/23/15,,1,Winter,2,Star,Star,Star,Star,Star,Star,Sun,Birds,Birds,Birds,Birds,Star,Star,3,Full,Full,Full,Full,Full,NewMoon,NewMoon,NewMoon,NewMoon,DyingCrescent,DyingCrescent,DyingCrescent,DyingCrescent
01/24/15,,1,Winter,2,Star,Star,Star,Star,Star,Star,Sun,Birds,Birds,Birds,Birds,Star,Star,3,Full,Full,Full,Full,Full,NewMoon,NewMoon,NewMoon,NewMoon,DyingCrescent,DyingCrescent,DyingCrescent,DyingCrescent
01/25/15,,1,Winter,2,Star,Star,Star,Star,Star,Star,Sun,Birds,Birds,Birds,Birds,Star,Star,3,Full,Full,Full,Full,Full,NewMoon,NewMoon,NewMoon,NewMoon,DyingCrescent,DyingCrescent,DyingCrescent,DyingCrescent
01/26/15,,1,Winter,2,Star,Star,Star,Star,Star,Star,Sun,Birds,Birds,Birds,Birds,Star,Star,3,Full,Full,Full,Full,Full,NewMoon,NewMoon,NewMoon,NewMoon,DyingCrescent,DyingCrescent,DyingCrescent,DyingCrescent
01/27/15,,1,Winter,2,Star,Star,Star,Star,Star,Star,Sun,Birds,Birds,Birds,Birds,Star,Star,3,Full,Full,Full,Full,Full,NewMoon,NewMoon,NewMoon,NewMoon,DyingCrescent,DyingCrescent,DyingCrescent,DyingCrescent
01/28/15,,1,Winter,2,Star,Star,Star,Star,Star,Star,Sun,Birds,Birds,Birds,Birds,Star,Star,3,Full,Full,Full,Full,Full,NewMoon,NewMoon,NewMoon,NewMoon,DyingCrescent,DyingCrescent,DyingCrescent,DyingCrescent
01/29/15,,1,Winter,2,Star,Star,Star,Star,Star,Star,Sun,Birds,Birds,Birds,Birds,Star,Star,3,Full,Full,Full,Full,Full,NewMoon,NewMoon,NewMoon,NewMoon,DyingCrescent,DyingCrescent,DyingCrescent,DyingCrescent
01/30/15,,1,Winter,2,Star,Star,Star,Star,Star,Star,Sun,Birds,Birds,Birds,Birds,Star,Star,3,Full,Full,Full,Full,Full,NewMoon,NewMoon,NewMoon,NewMoon,DyingCrescent,DyingCrescent,DyingCrescent,DyingCrescent
01/31/15,,1,Winter,2,Star,Star,Star,Star,Star,Star,Sun,Birds,Birds,Birds,Birds,Star,Star,3,Full,Full,Full,Full,Full,NewMoon,NewMoon,NewMoon,NewMoon,DyingCrescent,DyingCrescent,DyingCrescent,DyingCrescent
02/01/15,,1,Winter,2,Star,Star,Star,Star,Star,Star,Sun,Birds,Birds,Birds,Birds,Star,Star,3,Full,Full,Full,Full,Full,NewMoon,NewMoon,NewMoon,NewMoon,DyingCrescent,DyingCrescent,DyingCrescent,DyingCrescent
02/02/15,,1,Winter,2,Star,Star,Star,Star,Star,Star,Sun,Birds,Birds,Birds,Birds,Star,Star,3,Full,Full,Full,Full,Full,NewMoon,NewMoon,NewMoon,NewMoon,DyingCrescent,DyingCrescent,DyingCrescent,DyingCrescent
02/03/15,,1,Winter,2,Star,Star,Star,Star,Star,Star,Sun,Birds,Birds,Birds,Birds,Star,Star,3,Full,Full,Full,Full,Full,NewMoon,NewMoon,NewMoon,NewMoon,DyingCrescent,DyingCrescent,DyingCrescent,DyingCrescent
02/04/15,,1,Winter,2,Star,Star,Star,Star,Star,Star,Sun,Birds,Birds,Birds,Birds,Star,Star,3,Full,Full,Full,Full,Full,NewMoon,NewMoon,NewMoon,NewMoon,DyingCrescent,DyingCrescent,DyingCrescent,DyingCrescent
02/05/15,,1,Winter,2,Star,Star,Star,Star,Star,Star,Sun,Birds,Birds,Birds,Birds,Star,Star,3,Full,Full,Full,Full,Full,NewMoon,NewMoon,NewMoon,NewMoon,DyingCrescent,DyingCrescent,DyingCrescent,DyingCrescent
02/06/15,,1,Winter,2,Star,Star,Star,Star,Star,Star,Sun,Birds,Birds,Birds,Birds,Star,Star,3,Full,Full,Full,Full,Full,NewMoon,NewMoon,NewMoon,NewMoon,DyingCrescent,DyingCrescent,DyingCrescent,DyingCrescent
02/07/15,,1,Winter,2,Star,Star,Star,Star,Star,Star,Sun,Birds,Birds,Birds,Birds,Star,Star,3,Full,Full,Full,Full,Full,NewMoon,NewMoon,NewMoon,NewMoon,DyingCrescent,DyingCrescent,DyingCrescent,DyingCrescent
02/08/15,,1,Winter,2,Star,Star,Star,Star,Star,Star,Sun,Birds,Birds,Birds,Birds,Star,Star,3,Full,Full,Full,Full,Full,NewMoon,NewMoon,NewMoon,NewMoon,DyingCrescent,DyingCrescent,DyingCrescent,DyingCrescent
02/09/15,,1,Winter,2,Star,Star,Star,Star,Star,Star,Sun,Birds,Birds,Birds,Birds,Star,Star,3,Full,Full,Full,Full,Full,NewMoon,NewMoon,NewMoon,NewMoon,DyingCrescent,DyingCrescent,DyingCrescent,DyingCrescent
02/10/15,,1,Winter,2,Star,Star,Star,Star,Star,Star,Sun,Birds,Birds,Birds,Birds,Star,Star,3,Full,Full,Full,Full,Full,NewMoon,NewMoon,NewMoon,NewMoon,DyingCrescent,DyingCrescent,DyingCrescent,DyingCrescent
02/11/15,,1,Winter,2,Star,Star,Star,Star,Star,Star,Sun,Birds,Birds,Birds,Birds,Star,Star,3,Full,Full,Full,Full,Full,NewMoon,NewMoon,NewMoon,NewMoon,DyingCrescent,DyingCrescent,DyingCrescent,DyingCrescent
02/12/15,,1,Winter,2,Star,Star,Star,Star,Star,Star,Sun,Birds,Birds,Birds,Birds,Star,Star,3,Full,Full,Full,Full,Full,NewMoon,NewMoon,NewMoon,NewMoon,DyingCrescent,DyingCrescent,DyingCrescent,DyingCrescent
02/13/15,,1,Winter,2,Star,Star,Star,Star,Star,Star,Sun,Birds,Birds,Birds,Birds,Star,Star,3,Full,Full,Full,Full,Full,NewMoon,NewMoon,NewMoon,NewMoon,DyingCrescent,DyingCrescent,DyingCrescent,DyingCrescent
02/14/15,,1,Winter,2,Star,Star,Star,Star,Star,Star,Sun,Birds,Birds,Birds,Birds,Star,Star,3,Full,Full,Full,Full,Full,NewMoon,NewMoon,NewMoon,NewMoon,DyingCrescent,DyingCrescent,DyingCrescent,DyingCrescent
02/15/15,,1,Winter,2,Star,Star,Star,Star,Star,Star,Sun,Birds,Birds,Birds,Birds,Star,Star,3,Full,Full,Full,Full,Full,NewMoon,NewMoon,NewMoon,NewMoon,DyingCrescent,DyingCrescent,DyingCrescent,DyingCrescent
02/16/15,,1,Winter,2,Star,Star,Star,Star,Star,Star,Sun,Birds,Birds,Birds,Birds,Star,Star,3,Full,Full,Full,Full,Full,NewMoon,NewMoon,NewMoon,NewMoon,DyingCrescent,DyingCrescent,DyingCrescent,DyingCrescent
02/17/15,,1,Winter,2,Star,Star,Star,Star,Star,Star,Sun,Birds,Birds,Birds,Birds,Star,Star,3,Full,Full,Full,Full,Full,NewMoon,NewMoon,NewMoon,NewMoon,DyingCrescent,DyingCrescent,DyingCrescent,DyingCrescent
02/18/15,,1,Winter,2,Star,Star,Star,Star,Star,Star,Sun,Birds,Birds,Birds,Birds,Star,Star,3,Full,Full,Full,Full,Full,NewMoon,NewMoon,NewMoon,NewMoon,DyingCrescent,DyingCrescent,DyingCrescent,DyingCrescent
02/19/15,,1,Winter,2,Star,Star,Star,Star,Star,Star,Sun,Birds,Birds,Birds,Birds,Star,Star,3,Full,Full,Full,Full,Full,NewMoon,NewMoon,NewMoon,NewMoon,DyingCrescent,DyingCrescent,DyingCrescent,DyingCrescent
02/20/15,,1,Winter,2,Star,Star,Star,Star,Star,Star,Sun,Birds,Birds,Birds,Birds,Star,Star,3,Full,Full,Full,Full,Full,NewMoon,NewMoon,NewMoon,NewMoon,DyingCrescent,DyingCrescent,DyingCrescent,DyingCrescent
02/21/15,,1,Winter,2,Star,Star,Star,Star,Star,Star,Sun,Birds,Birds,Birds,Birds,Star,Star,3,Full,Full,Full,Full,Full,NewMoon,NewMoon,NewMoon,NewMoon,DyingCrescent,DyingCrescent,DyingCrescent,DyingCrescent
02/22/15,,1,Winter,2,Star,Star,Star,Star,Star,Star,Sun,Birds,Birds,Birds,Birds,Star,Star,3,Full,Full,Full,Full,Full,NewMoon,NewMoon,NewMoon,NewMoon,DyingCrescent,DyingCrescent,DyingCrescent,DyingCrescent
02/23/15,,1,Winter,2,Star,Star,Star,Star,Star,Star,Sun,Birds,Birds,Birds,Birds,Star,Star,3,Full,Full,Full,Full,Full,NewMoon,NewMoon,NewMoon,NewMoon,DyingCrescent,DyingCrescent,DyingCrescent,DyingCrescent
02/24/15,,1,Winter,2,Star,Star,Star,Star,Star,Star,Sun,Birds,Birds,Birds,Birds,Star,Star,3,Full,Full,Full,Full,Full,NewMoon,NewMoon,NewMoon,NewMoon,DyingCrescent,DyingCrescent,DyingCrescent,DyingCrescent
02/25/15,,1,Winter,2,Star,Star,Star,Star,Star,Star,Sun,Birds,Birds,Birds,Birds,Star,Star,3,Full,Full,Full,Full,Full,NewMoon,NewMoon,NewMoon,NewMoon,DyingCrescent,DyingCrescent,DyingCrescent,DyingCrescent
02/26/15,,1,Winter,2,Star,Star,Star,Star,Star,Star,Sun,Birds,Birds,Birds,Birds,Star,Star,3,Full,Full,Full,Full,Full,NewMoon,NewMoon,NewMoon,NewMoon,DyingCrescent,DyingCrescent,DyingCrescent,DyingCrescent
02/27/15,,1,Winter,2,Star,Star,Star,Star,Star,Star,Sun,Birds,Birds,Birds,Birds,Star,Star,3,Full,Full,Full,Full,Full,NewMoon,NewMoon,NewMoon,NewMoon,DyingCrescent,DyingCrescent,DyingCrescent,DyingCrescent
02/28/15,,1,Winter,2,Star,Star,Star,Star,Star,Star,Sun,Birds,Birds,Birds,Birds,Star,Star,3,Full,Full,Full,Full,Full,NewMoon,NewMoon,NewMoon,NewMoon,DyingCrescent,DyingCrescent,DyingCrescent,DyingCrescent
03/01/15,,1,SumSpr,2,Star,Star,Star,Star,Star,Star,Sun,Birds,Birds,Birds,Birds,Star,Star,3,Full,Full,Full,Full,Full,NewMoon,NewMoon,NewMoon,NewMoon,DyingCrescent,DyingCrescent,DyingCrescent,DyingCrescent
03/02/15,,1,SumSpr,2,Star,Star,Star,Star,Star,Star,Sun,Birds,Birds,Birds,Birds,Star,Star,3,Full,Full,Full,Full,Full,NewMoon,NewMoon,NewMoon,NewMoon,DyingCrescent,DyingCrescent,DyingCrescent,DyingCrescent
03/03/15,,1,SumSpr,2,Star,Star,Star,Star,Star,Star,Sun,Birds,Birds,Birds,Birds,Star,Star,3,Full,Full,Full,Full,Full,NewMoon,NewMoon,NewMoon,NewMoon,DyingCrescent,DyingCrescent,DyingCrescent,DyingCrescent
03/04/15,,1,SumSpr,2,Star,Star,Star,Star,Star,Star,Sun,Birds,Birds,Birds,Birds,Star,Star,3,Full,Full,Full,Full,Full,NewMoon,NewMoon,NewMoon,NewMoon,DyingCrescent,DyingCrescent,DyingCrescent,DyingCrescent
03/05/15,,1,SumSpr,2,Star,Star,Star,Star,Star,Star,Sun,Birds,Birds,Birds,Birds,Star,Star,3,Full,Full,Full,Full,Full,NewMoon,NewMoon,NewMoon,NewMoon,DyingCrescent,DyingCrescent,DyingCrescent,DyingCrescent
03/06/15,,1,SumSpr,2,Star,Star,Star,Star,Star,Star,Sun,Birds,Birds,Birds,Birds,Star,Star,3,Full,Full,Full,Full,Full,NewMoon,NewMoon,NewMoon,NewMoon,DyingCrescent,DyingCrescent,DyingCrescent,DyingCrescent
03/07/15,,1,SumSpr,2,Star,Star,Star,Star,Star,Star,Sun,Birds,Birds,Birds,Birds,Star,Star,3,Full,Full,Full,Full,Full,NewMoon,NewMoon,NewMoon,NewMoon,DyingCrescent,DyingCrescent,DyingCrescent,DyingCrescent
03/08/15,,1,SumSpr,2,Star,Star,Star,Star,Star,Star,Sun,Birds,Birds,Birds,Birds,Star,Star,3,Full,Full,Full,Full,Full,NewMoon,NewMoon,NewMoon,NewMoon,DyingCrescent,DyingCrescent,DyingCrescent,DyingCrescent
03/09/15,,1,SumSpr,2,Star,Star,Star,Star,Star,Star,Sun,Birds,Birds,Birds,Birds,Star,Star,3,Full,Full,Full,Full,Full,NewMoon,NewMoon,NewMoon,NewMoon,DyingCrescent,DyingCrescent,DyingCrescent,DyingCrescent
03/10/15,,1,SumSpr,2,Star,Star,Star,Star,Star,Star,Sun,Birds,Birds,Birds,Birds,Star,Star,3,Full,Full,Full,Full,Full,NewMoon,NewMoon,NewMoon,NewMoon,DyingCrescent,DyingCrescent,DyingCrescent,DyingCrescent
03/11/15,,1,SumSpr,2,Star,Star,Star,Star,Star,Star,Sun,Birds,Birds,Birds,Birds,Star,Star,3,Full,Full,Full,Full,Full,NewMoon,NewMoon,NewMoon,NewMoon,DyingCrescent,DyingCrescent,DyingCrescent,DyingCrescent
03/12/15,,1,SumSpr,2,Star,Star,Star,Star,Star,Star,Sun,Birds,Birds,Birds,Birds,Star,Star,3,Full,Full,Full,Full,Full,NewMoon,NewMoon,NewMoon,NewMoon,DyingCrescent,DyingCrescent,DyingCrescent,DyingCrescent
03/13/15,,1,SumSpr,2,Star,Star,Star,Star,Star,Star,Sun,Birds,Birds,Birds,Birds,Star,Star,3,Full,Full,Full,Full,Full,NewMoon,NewMoon,NewMoon,NewMoon,DyingCrescent,DyingCrescent,DyingCrescent,DyingCrescent
03/14/15,,1,SumSpr,2,Star,Star,Star,Star,Star,Star,Sun,Birds,Birds,Birds,Birds,Star,Star,3,Full,Full,Full,Full,Full,NewMoon,NewMoon,NewMoon,NewMoon,DyingCrescent,DyingCrescent,DyingCrescent,DyingCrescent
03/15/15,,1,SumSpr,2,Star,Star,Star,Star,Star,Star,Sun,Birds,Birds,Birds,Birds,Star,Star,3,Full,Full,Full,Full,Full,NewMoon,NewMoon,NewMoon,NewMoon,DyingCrescent,DyingCrescent,DyingCrescent,DyingCrescent
03/16/15,,1,SumSpr,2,Star,Star,Star,Star,Star,Star,Sun,Birds,Birds,Birds,Birds,Star,Star,3,Full,Full,Full,Full,Full,NewMoon,NewMoon,NewMoon,NewMoon,DyingCrescent,DyingCrescent,DyingCrescent,DyingCrescent
03/17/15,,1,SumSpr,2,Star,Star,Star,Star,Star,Star,Sun,Birds,Birds,Birds,Birds,Star,Star,3,Full,Full,Full,Full,Full,NewMoon,NewMoon,NewMoon,NewMoon,DyingCrescent,DyingCrescent,DyingCrescent,DyingCrescent
03/18/15,,1,SumSpr,2,Star,Star,Star,Star,Star,Star,Sun,Birds,Birds,Birds,Birds,Star,Star,3,Full,Full,Full,Full,Full,NewMoon,NewMoon,NewMoon,NewMoon,DyingCrescent,DyingCrescent,DyingCrescent,DyingCrescent
03/19/15,,1,SumSpr,2,Star,Star,Star,Star,Star,Star,Sun,Birds,Birds,Birds,Birds,Star,Star,3,Full,Full,Full,Full,Full,NewMoon,NewMoon,NewMoon,NewMoon,DyingCrescent,DyingCrescent,DyingCrescent,DyingCrescent
03/20/15,,1,SumSpr,2,Star,Star,Star,Star,Star,Star,Sun,Birds,Birds,Birds,Birds,Star,Star,3,Full,Full,Full,Full,Full,NewMoon,NewMoon,NewMoon,NewMoon,DyingCrescent,DyingCrescent,DyingCrescent,DyingCrescent
03/21/15,,1,SumSpr,2,Star,Star,Star,Star,Star,Star,Sun,Birds,Birds,Birds,Birds,Star,Star,3,Full,Full,Full,Full,Full,NewMoon,NewMoon,NewMoon,NewMoon,DyingCrescent,DyingCrescent,DyingCrescent,DyingCrescent
03/22/15,,1,SumSpr,2,Star,Star,Star,Star,Star,Star,Sun,Birds,Birds,Birds,Birds,Star,Star,3,Full,Full,Full,Full,Full,NewMoon,NewMoon,NewMoon,NewMoon,DyingCrescent,DyingCrescent,DyingCrescent,DyingCrescent
03/23/15,,1,SumSpr,2,Star,Star,Star,Star,Star,Star,Sun,Birds,Birds,Birds,Birds,Star,Star,3,Full,Full,Full,Full,Full,NewMoon,NewMoon,NewMoon,NewMoon,DyingCrescent,DyingCrescent,DyingCrescent,DyingCrescent
03/24/15,,1,SumSpr,2,Star,Star,Star,Star,Star,Star,Sun,Birds,Birds,Birds,Birds,Star,Star,3,Full,Full,Full,Full,Full,NewMoon,NewMoon,NewMoon,NewMoon,DyingCrescent,DyingCrescent,DyingCrescent,DyingCrescent
03/25/15,,1,SumSpr,2,Star,Star,Star,Star,Star,Star,Sun,Birds,Birds,Birds,Birds,Star,Star,3,Full,Full,Full,Full,Full,NewMoon,NewMoon,NewMoon,NewMoon,DyingCrescent,DyingCrescent,DyingCrescent,DyingCrescent
03/26/15,,1,SumSpr,2,Star,Star,Star,Star,Star,Star,Sun,Birds,Birds,Birds,Birds,Star,Star,3,Full,Full,Full,Full,Full,NewMoon,NewMoon,NewMoon,NewMoon,DyingCrescent,DyingCrescent,DyingCrescent,DyingCrescent
03/27/15,,1,SumSpr,2,Star,Star,Star,Star,Star,Star,Sun,Birds,Birds,Birds,Birds,Star,Star,3,Full,Full,Full,Full,Full,NewMoon,NewMoon,NewMoon,NewMoon,DyingCrescent,DyingCrescent,DyingCrescent,DyingCrescent
03/28/15,,1,SumSpr,2,Star,Star,Star,Star,Star,Star,Sun,Birds,Birds,Birds,Birds,Star,Star,3,Full,Full,Full,Full,Full,NewMoon,NewMoon,NewMoon,NewMoon,DyingCrescent,DyingCrescent,DyingCrescent,DyingCrescent
03/29/15,,1,SumSpr,2,Star,Star,Star,Star,Star,Star,Sun,Birds,Birds,Birds,Birds,Star,Star,3,Full,Full,Full,Full,Full,NewMoon,NewMoon,NewMoon,NewMoon,DyingCrescent,DyingCrescent,DyingCrescent,DyingCrescent
03/30/15,,1,SumSpr,2,Star,Star,Star,Star,Star,Star,Sun,Birds,Birds,Birds,Birds,Star,Star,3,Full,Full,Full,Full,Full,NewMoon,NewMoon,NewMoon,NewMoon,DyingCrescent,DyingCrescent,DyingCrescent,DyingCrescent
03/31/15,,1,SumSpr,2,Star,Star,Star,Star,Star,Star,Sun,Birds,Birds,Birds,Birds,Star,Star,3,Full,Full,Full,Full,Full,NewMoon,NewMoon,NewMoon,NewMoon,DyingCrescent,DyingCrescent,DyingCrescent,DyingCrescent
04/01/15,,1,SumSpr,2,Star,Star,Star,Star,Star,Star,Sun,Birds,Birds,Birds,Birds,Star,Star,3,Full,Full,Full,Full,Full,NewMoon,NewMoon,NewMoon,NewMoon,DyingCrescent,DyingCrescent,DyingCrescent,DyingCrescent
04/02/15,,1,SumSpr,2,Star,Star,Star,Star,Star,Star,Sun,Birds,Birds,Birds,Birds,Star,Star,3,Full,Full,Full,Full,Full,NewMoon,NewMoon,NewMoon,NewMoon,DyingCrescent,DyingCrescent,DyingCrescent,DyingCrescent
04/03/15,,1,SumSpr,2,Star,Star,Star,Star,Star,Star,Sun,Birds,Birds,Birds,Birds,Star,Star,3,Full,Full,Full,Full,Full,NewMoon,NewMoon,NewMoon,NewMoon,DyingCrescent,DyingCrescent,DyingCrescent,DyingCrescent
04/04/15,,1,SumSpr,2,Star,Star,Star,Star,Star,Star,Sun,Birds,Birds,Birds,Birds,Star,Star,3,Full,Full,Full,Full,Full,NewMoon,NewMoon,NewMoon,NewMoon,DyingCrescent,DyingCrescent,DyingCrescent,DyingCrescent
04/05/15,,1,SumSpr,2,Star,Star,Star,Star,Star,Star,Sun,Birds,Birds,Birds,Birds,Star,Star,3,Full,Full,Full,Full,Full,NewMoon,NewMoon,NewMoon,NewMoon,DyingCrescent,DyingCrescent,DyingCrescent,DyingCrescent
04/06/15,,1,SumSpr,2,Star,Star,Star,Star,Star,Star,Sun,Birds,Birds,Birds,Birds,Star,Star,3,Full,Full,Full,Full,Full,NewMoon,NewMoon,NewMoon,NewMoon,DyingCrescent,DyingCrescent,DyingCrescent,DyingCrescent
04/07/15,,1,SumSpr,2,Star,Star,Star,Star,Star,Star,Sun,Birds,Birds,Birds,Birds,Star,Star,3,Full,Full,Full,Full,Full,NewMoon,NewMoon,NewMoon,NewMoon,DyingCrescent,DyingCrescent,DyingCrescent,DyingCrescent
04/08/15,,1,SumSpr,2,Star,Star,Star,Star,Star,Star,Sun,Birds,Birds,Birds,Birds,Star,Star,3,Full,Full,Full,Full,Full,NewMoon,NewMoon,NewMoon,NewMoon,DyingCrescent,DyingCrescent,DyingCrescent,DyingCrescent
04/09/15,,1,SumSpr,2,Star,Star,Star,Star,Star,Star,Sun,Birds,Birds,Birds,Birds,Star,Star,3,Full,Full,Full,Full,Full,NewMoon,NewMoon,NewMoon,NewMoon,DyingCrescent,DyingCrescent,DyingCrescent,DyingCrescent
04/10/15,,1,SumSpr,2,Star,Star,Star,Star,Star,Star,Sun,Birds,Birds,Birds,Birds,Star,Star,3,Full,Full,Full,Full,Full,NewMoon,NewMoon,NewMoon,NewMoon,DyingCrescent,DyingCrescent,DyingCrescent,DyingCrescent
04/11/15,,1,SumSpr,2,Star,Star,Star,Star,Star,Star,Sun,Birds,Birds,Birds,Birds,Star,Star,3,Full,Full,Full,Full,Full,NewMoon,NewMoon,NewMoon,NewMoon,DyingCrescent,DyingCrescent,DyingCrescent,DyingCrescent
04/12/15,,1,SumSpr,2,Star,Star,Star,Star,Star,Star,Sun,Birds,Birds,Birds,Birds,Star,Star,3,Full,Full,Full,Full,Full,NewMoon,NewMoon,NewMoon,NewMoon,DyingCrescent,DyingCrescent,DyingCrescent,DyingCrescent
04/13/15,,1,SumSpr,2,Star,Star,Star,Star,Star,Star,Sun,Birds,Birds,Birds,Birds,Star,Star,3,Full,Full,Full,Full,Full,NewMoon,NewMoon,NewMoon,NewMoon,DyingCrescent,DyingCrescent,DyingCrescent,DyingCrescent
04/14/15,,1,SumSpr,2,Star,Star,Star,Star,Star,Star,Sun,Birds,Birds,Birds,Birds,Star,Star,3,Full,Full,Full,Full,Full,NewMoon,NewMoon,NewMoon,NewMoon,DyingCrescent,DyingCrescent,DyingCrescent,DyingCrescent
04/15/15,,1,SumSpr,2,Star,Star,Star,Star,Star,Star,Sun,Birds,Birds,Birds,Birds,Star,Star,3,Full,Full,Full,Full,Full,NewMoon,NewMoon,NewMoon,NewMoon,DyingCrescent,DyingCrescent,DyingCrescent,DyingCrescent
04/16/15,,1,SumSpr,2,Star,Star,Star,Star,Star,Star,Sun,Birds,Birds,Birds,Birds,Star,Star,3,Full,Full,Full,Full,Full,NewMoon,NewMoon,NewMoon,NewMoon,DyingCrescent,DyingCrescent,DyingCrescent,DyingCrescent
04/17/15,,1,SumSpr,2,Star,Star,Star,Star,Star,Star,Sun,Birds,Birds,Birds,Birds,Star,Star,3,Full,Full,Full,Full,Full,NewMoon,NewMoon,NewMoon,NewMoon,DyingCrescent,DyingCrescent,DyingCrescent,DyingCrescent
04/18/15,,1,SumSpr,2,Star,Star,Star,Star,Star,Star,Sun,Birds,Birds,Birds,Birds,Star,Star,3,Full,Full,Full,Full,Full,NewMoon,NewMoon,NewMoon,NewMoon,DyingCrescent,DyingCrescent,DyingCrescent,DyingCrescent
04/19/15,,1,SumSpr,2,Star,Star,Star,Star,Star,Star,Sun,Birds,Birds,Birds,Birds,Star,Star,3,Full,Full,Full,Full,Full,NewMoon,NewMoon,NewMoon,NewMoon,DyingCrescent,DyingCrescent,DyingCrescent,DyingCrescent
04/20/15,,1,SumSpr,2,Star,Star,Star,Star,Star,Star,Sun,Birds,Birds,Birds,Birds,Star,Star,3,Full,Full,Full,Full,Full,NewMoon,NewMoon,NewMoon,NewMoon,DyingCrescent,DyingCrescent,DyingCrescent,DyingCrescent
04/21/15,,1,SumSpr,2,Star,Star,Star,Star,Star,Star,Sun,Birds,Birds,Birds,Birds,Star,Star,3,Full,Full,Full,Full,Full,NewMoon,NewMoon,NewMoon,NewMoon,DyingCrescent,DyingCrescent,DyingCrescent,DyingCrescent
04/22/15,,1,SumSpr,2,Star,Star,Star,Star,Star,Star,Sun,Birds,Birds,Birds,Birds,Star,Star,3,Full,Full,Full,Full,Full,NewMoon,NewMoon,NewMoon,NewMoon,DyingCrescent,DyingCrescent,DyingCrescent,DyingCrescent
04/23/15,,1,SumSpr,2,Star,Star,Star,Star,Star,Star,Sun,Birds,Birds,Birds,Birds,Star,Star,3,Full,Full,Full,Full,Full,NewMoon,NewMoon,NewMoon,NewMoon,DyingCrescent,DyingCrescent,DyingCrescent,DyingCrescent
04/24/15,,1,SumSpr,2,Star,Star,Star,Star,Star,Star,Sun,Birds,Birds,Birds,Birds,Star,Star,3,Full,Full,Full,Full,Full,NewMoon,NewMoon,NewMoon,NewMoon,DyingCrescent,DyingCrescent,DyingCrescent,DyingCrescent
04/25/15,,1,SumSpr,2,Star,Star,Star,Star,Star,Star,Sun,Birds,Birds,Birds,Birds,Star,Star,3,Full,Full,Full,Full,Full,NewMoon,NewMoon,NewMoon,NewMoon,DyingCrescent,DyingCrescent,DyingCrescent,DyingCrescent
04/26/15,,1,SumSpr,2,Star,Star,Star,Star,Star,Star,Sun,Birds,Birds,Birds,Birds,Star,Star,3,Full,Full,Full,Full,Full,NewMoon,NewMoon,NewMoon,NewMoon,DyingCrescent,DyingCrescent,DyingCrescent,DyingCrescent
04/27/15,,1,SumSpr,2,Star,Star,Star,Star,Star,Star,Sun,Birds,Birds,Birds,Birds,Star,Star,3,Full,Full,Full,Full,Full,NewMoon,NewMoon,NewMoon,NewMoon,DyingCrescent,DyingCrescent,DyingCrescent,DyingCrescent
04/28/15,,1,SumSpr,2,Star,Star,Star,Star,Star,Star,Sun,Birds,Birds,Birds,Birds,Star,Star,3,Full,Full,Full,Full,Full,NewMoon,NewMoon,NewMoon,NewMoon,DyingCrescent,DyingCrescent,DyingCrescent,DyingCrescent
04/29/15,,1,SumSpr,2,Star,Star,Star,Star,Star,Star,Sun,Birds,Birds,Birds,Birds,Star,Star,3,Full,Full,Full,Full,Full,NewMoon,NewMoon,NewMoon,NewMoon,DyingCrescent,DyingCrescent,DyingCrescent,DyingCrescent
04/30/15,,1,SumSpr,2,Star,Star,Star,Star,Star,Star,Sun,Birds,Birds,Birds,Birds,Star,Star,3,Full,Full,Full,Full,Full,NewMoon,NewMoon,NewMoon,NewMoon,DyingCrescent,DyingCrescent,DyingCrescent,DyingCrescent
05/01/15,,1,SumSpr,2,Star,Star,Star,Star,Star,Star,Sun,Birds,Birds,Birds,Birds,Star,Star,3,Full,Full,Full,Full,Full,NewMoon,NewMoon,NewMoon,NewMoon,DyingCrescent,DyingCrescent,DyingCrescent,DyingCrescent
05/02/15,,1,SumSpr,2,Star,Star,Star,Star,Star,Star,Sun,Birds,Birds,Birds,Birds,Star,Star,3,Full,Full,Full,Full,Full,NewMoon,NewMoon,NewMoon,NewMoon,DyingCrescent,DyingCrescent,DyingCrescent,DyingCrescent
05/03/15,,1,SumSpr,2,Star,Star,Star,Star,Star,Star,Sun,Birds,Birds,Birds,Birds,Star,Star,3,Full,Full,Full,Full,Full,NewMoon,NewMoon,NewMoon,NewMoon,DyingCrescent,DyingCrescent,DyingCrescent,DyingCrescent
05/04/15,,1,SumSpr,2,Star,Star,Star,Star,Star,Star,Sun,Birds,Birds,Birds,Birds,Star,Star,3,Full,Full,Full,Full,Full,NewMoon,NewMoon,NewMoon,NewMoon,DyingCrescent,DyingCrescent,DyingCrescent,DyingCrescent
05/05/15,,1,SumSpr,2,Star,Star,Star,Star,Star,Star,Sun,Birds,Birds,Birds,Birds,Star,Star,3,Full,Full,Full,Full,Full,NewMoon,NewMoon,NewMoon,NewMoon,DyingCrescent,DyingCrescent,DyingCrescent,DyingCrescent
05/06/15,,1,SumSpr,2,Star,Star,Star,Star,Star,Star,Sun,Birds,Birds,Birds,Birds,Star,Star,3,Full,Full,Full,Full,Full,NewMoon,NewMoon,NewMoon,NewMoon,DyingCrescent,DyingCrescent,DyingCrescent,DyingCrescent
05/07/15,,1,SumSpr,2,Star,Star,Star,Star,Star,Star,Sun,Birds,Birds,Birds,Birds,Star,Star,3,Full,Full,Full,Full,Full,NewMoon,NewMoon,NewMoon,NewMoon,DyingCrescent,DyingCrescent,DyingCrescent,DyingCrescent
05/08/15,,1,SumSpr,2,Star,Star,Star,Star,Star,Star,Sun,Birds,Birds,Birds,Birds,Star,Star,3,Full,Full,Full,Full,Full,NewMoon,NewMoon,NewMoon,NewMoon,DyingCrescent,DyingCrescent,DyingCrescent,DyingCrescent
05/09/15,,1,SumSpr,2,Star,Star,Star,Star,Star,Star,Sun,Birds,Birds,Birds,Birds,Star,Star,3,Full,Full,Full,Full,Full,NewMoon,NewMoon,NewMoon,NewMoon,DyingCrescent,DyingCrescent,DyingCrescent,DyingCrescent
05/10/15,,1,SumSpr,2,Star,Star,Star,Star,Star,Star,Sun,Birds,Birds,Birds,Birds,Star,Star,3,Full,Full,Full,Full,Full,NewMoon,NewMoon,NewMoon,NewMoon,DyingCrescent,DyingCrescent,DyingCrescent,DyingCrescent
05/11/15,,1,SumSpr,2,Star,Star,Star,Star,Star,Star,Sun,Birds,Birds,Birds,Birds,Star,Star,3,Full,Full,Full,Full,Full,NewMoon,NewMoon,NewMoon,NewMoon,DyingCrescent,DyingCrescent,DyingCrescent,DyingCrescent
05/12/15,,1,SumSpr,2,Star,Star,Star,Star,Star,Star,Sun,Birds,Birds,Birds,Birds,Star,Star,3,Full,Full,Full,Full,Full,NewMoon,NewMoon,NewMoon,NewMoon,DyingCrescent,DyingCrescent,DyingCrescent,DyingCrescent
05/13/15,,1,SumSpr,2,Star,Star,Star,Star,Star,Star,Sun,Birds,Birds,Birds,Birds,Star,Star,3,Full,Full,Full,Full,Full,NewMoon,NewMoon,NewMoon,NewMoon,DyingCrescent,DyingCrescent,DyingCrescent,DyingCrescent
05/14/15,,1,SumSpr,2,Star,Star,Star,Star,Star,Star,Sun,Birds,Birds,Birds,Birds,Star,Star,3,Full,Full,Full,Full,Full,NewMoon,NewMoon,NewMoon,NewMoon,DyingCrescent,DyingCrescent,DyingCrescent,DyingCrescent
05/15/15,,1,SumSpr,2,Star,Star,Star,Star,Star,Star,Sun,Birds,Birds,Birds,Birds,Star,Star,3,Full,Full,Full,Full,Full,NewMoon,NewMoon,NewMoon,NewMoon,DyingCrescent,DyingCrescent,DyingCrescent,DyingCrescent
05/16/15,,1,SumSpr,2,Star,Star,Star,Star,Star,Star,Sun,Birds,Birds,Birds,Birds,Star,Star,3,Full,Full,Full,Full,Full,NewMoon,NewMoon,NewMoon,NewMoon,DyingCrescent,DyingCrescent,DyingCrescent,DyingCrescent
05/17/15,,1,SumSpr,2,Star,Star,Star,Star,Star,Star,Sun,Birds,Birds,Birds,Birds,Star,Star,3,Full,Full,Full,Full,Full,NewMoon,NewMoon,NewMoon,NewMoon,DyingCrescent,DyingCrescent,DyingCrescent,DyingCrescent
05/18/15,,1,SumSpr,2,Star,Star,Star,Star,Star,Star,Sun,Birds,Birds,Birds,Birds,Star,Star,3,Full,Full,Full,Full,Full,NewMoon,NewMoon,NewMoon,NewMoon,DyingCrescent,DyingCrescent,DyingCrescent,DyingCrescent
05/19/15,,1,SumSpr,2,Star,Star,Star,Star,Star,Star,Sun,Birds,Birds,Birds,Birds,Star,Star,3,Full,Full,Full,Full,Full,NewMoon,NewMoon,NewMoon,NewMoon,DyingCrescent,DyingCrescent,DyingCrescent,DyingCrescent
05/20/15,,1,SumSpr,2,Star,Star,Star,Star,Star,Star,Sun,Birds,Birds,Birds,Birds,Star,Star,3,Full,Full,Full,Full,Full,NewMoon,NewMoon,NewMoon,NewMoon,DyingCrescent,DyingCrescent,DyingCrescent,DyingCrescent
05/21/15,,1,SumSpr,2,Star,Star,Star,Star,Star,Star,Sun,Birds,Birds,Birds,Birds,Star,Star,3,Full,Full,Full,Full,Full,NewMoon,NewMoon,NewMoon,NewMoon,DyingCrescent,DyingCrescent,DyingCrescent,DyingCrescent
05/22/15,,1,SumSpr,2,Star,Star,Star,Star,Star,Star,Sun,Birds,Birds,Birds,Birds,Star,Star,3,Full,Full,Full,Full,Full,NewMoon,NewMoon,NewMoon,NewMoon,DyingCrescent,DyingCrescent,DyingCrescent,DyingCrescent
05/23/15,,1,SumSpr,2,Star,Star,Star,Star,Star,Star,Sun,Birds,Birds,Birds,Birds,Star,Star,3,Full,Full,Full,Full,Full,NewMoon,NewMoon,NewMoon,NewMoon,DyingCrescent,DyingCrescent,DyingCrescent,DyingCrescent
05/24/15,,1,SumSpr,2,Star,Star,Star,Star,Star,Star,Sun,Birds,Birds,Birds,Birds,Star,Star,3,Full,Full,Full,Full,Full,NewMoon,NewMoon,NewMoon,NewMoon,DyingCrescent,DyingCrescent,DyingCrescent,DyingCrescent
05/25/15,,1,SumSpr,2,Star,Star,Star,Star,Star,Star,Sun,Birds,Birds,Birds,Birds,Star,Star,3,Full,Full,Full,Full,Full,NewMoon,NewMoon,NewMoon,NewMoon,DyingCrescent,DyingCrescent,DyingCrescent,DyingCrescent
05/26/15,,1,SumSpr,2,Star,Star,Star,Star,Star,Star,Sun,Birds,Birds,Birds,Birds,Star,Star,3,Full,Full,Full,Full,Full,NewMoon,NewMoon,NewMoon,NewMoon,DyingCrescent,DyingCrescent,DyingCrescent,DyingCrescent
05/27/15,,1,SumSpr,2,Star,Star,Star,Star,Star,Star,Sun,Birds,Birds,Birds,Birds,Star,Star,3,Full,Full,Full,Full,Full,NewMoon,NewMoon,NewMoon,NewMoon,DyingCrescent,DyingCrescent,DyingCrescent,DyingCrescent
05/28/15,,1,SumSpr,2,Star,Star,Star,Star,Star,Star,Sun,Birds,Birds,Birds,Birds,Star,Star,3,Full,Full,Full,Full,Full,NewMoon,NewMoon,NewMoon,NewMoon,DyingCrescent,DyingCrescent,DyingCrescent,DyingCrescent
05/29/15,,1,SumSpr,2,Star,Star,Star,Star,Star,Star,Sun,Birds,Birds,Birds,Birds,Star,Star,3,Full,Full,Full,Full,Full,NewMoon,NewMoon,NewMoon,NewMoon,DyingCrescent,DyingCrescent,DyingCrescent,DyingCrescent
05/30/15,,1,SumSpr,2,Star,Star,Star,Star,Star,Star,Sun,Birds,Birds,Birds,Birds,Star,Star,3,Full,Full,Full,Full,Full,NewMoon,NewMoon,NewMoon,NewMoon,DyingCrescent,DyingCrescent,DyingCrescent,DyingCrescent
05/31/15,,1,SumSpr,2,Star,Star,Star,Star,Star,Star,Sun,Birds,Birds,Birds,Birds,Star,Star,3,Full,Full,Full,Full,Full,NewMoon,NewMoon,NewMoon,NewMoon,DyingCrescent,DyingCrescent,DyingCrescent,DyingCrescent
06/01/15,,1,SumSpr,2,Star,Star,Star,Star,Star,Star,Sun,Birds,Birds,Birds,Birds,Star,Star,3,Full,Full,Full,Full,Full,NewMoon,NewMoon,NewMoon,NewMoon,DyingCrescent,DyingCrescent,DyingCrescent,DyingCrescent
06/02/15,,1,SumSpr,2,Star,Star,Star,Star,Star,Star,Sun,Birds,Birds,Birds,Birds,Star,Star,3,Full,Full,Full,Full,Full,NewMoon,NewMoon,NewMoon,NewMoon,DyingCrescent,DyingCrescent,DyingCrescent,DyingCrescent
06/03/15,,1,SumSpr,2,Star,Star,Star,Star,Star,Star,Sun,Birds,Birds,Birds,Birds,Star,Star,3,Full,Full,Full,Full,Full,NewMoon,NewMoon,NewMoon,NewMoon,DyingCrescent,DyingCrescent,DyingCrescent,DyingCrescent
06/04/15,,1,SumSpr,2,Star,Star,Star,Star,Star,Star,Sun,Birds,Birds,Birds,Birds,Star,Star,3,Full,Full,Full,Full,Full,NewMoon,NewMoon,NewMoon,NewMoon,DyingCrescent,DyingCrescent,DyingCrescent,DyingCrescent
06/05/15,,1,SumSpr,2,Star,Star,Star,Star,Star,Star,Sun,Birds,Birds,Birds,Birds,Star,Star,3,Full,Full,Full,Full,Full,NewMoon,NewMoon,NewMoon,NewMoon,DyingCrescent,DyingCrescent,DyingCrescent,DyingCrescent
06/06/15,,1,SumSpr,2,Star,Star,Star,Star,Star,Star,Sun,Birds,Birds,Birds,Birds,Star,Star,3,Full,Full,Full,Full,Full,NewMoon,NewMoon,NewMoon,NewMoon,DyingCrescent,DyingCrescent,DyingCrescent,DyingCrescent
06/07/15,,1,SumSpr,2,Star,Star,Star,Star,Star,Star,Sun,Birds,Birds,Birds,Birds,Star,Star,3,Full,Full,Full,Full,Full,NewMoon,NewMoon,NewMoon,NewMoon,DyingCrescent,DyingCrescent,DyingCrescent,DyingCrescent
06/08/15,,1,SumSpr,2,Star,Star,Star,Star,Star,Star,Sun,Birds,Birds,Birds,Birds,Star,Star,3,Full,Full,Full,Full,Full,NewMoon,NewMoon,NewMoon,NewMoon,DyingCrescent,DyingCrescent,DyingCrescent,DyingCrescent
06/09/15,,1,SumSpr,2,Star,Star,Star,Star,Star,Star,Sun,Birds,Birds,Birds,Birds,Star,Star,3,Full,Full,Full,Full,Full,NewMoon,NewMoon,NewMoon,NewMoon,DyingCrescent,DyingCrescent,DyingCrescent,DyingCrescent
06/10/15,,1,SumSpr,2,Star,Star,Star,Star,Star,Star,Sun,Birds,Birds,Birds,Birds,Star,Star,3,Full,Full,Full,Full,Full,NewMoon,NewMoon,NewMoon,NewMoon,DyingCrescent,DyingCrescent,DyingCrescent,DyingCrescent
06/11/15,,1,SumSpr,2,Star,Star,Star,Star,Star,Star,Sun,Birds,Birds,Birds,Birds,Star,Star,3,Full,Full,Full,Full,Full,NewMoon,NewMoon,NewMoon,NewMoon,DyingCrescent,DyingCrescent,DyingCrescent,DyingCrescent
06/12/15,,1,SumSpr,2,Star,Star,Star,Star,Star,Star,Sun,Birds,Birds,Birds,Birds,Star,Star,3,Full,Full,Full,Full,Full,NewMoon,NewMoon,NewMoon,NewMoon,DyingCrescent,DyingCrescent,DyingCrescent,DyingCrescent
06/13/15,,1,SumSpr,2,Star,Star,Star,Star,Star,Star,Sun,Birds,Birds,Birds,Birds,Star,Star,3,Full,Full,Full,Full,Full,NewMoon,NewMoon,NewMoon,NewMoon,DyingCrescent,DyingCrescent,DyingCrescent,DyingCrescent
06/14/15,,1,SumSpr,2,Star,Star,Star,Star,Star,Star,Sun,Birds,Birds,Birds,Birds,Star,Star,3,Full,Full,Full,Full,Full,NewMoon,NewMoon,NewMoon,NewMoon,DyingCrescent,DyingCrescent,DyingCrescent,DyingCrescent
06/15/15,,1,SumSpr,2,Star,Star,Star,Star,Star,Star,Sun,Birds,Birds,Birds,Birds,Star,Star,3,Full,Full,Full,Full,Full,NewMoon,NewMoon,NewMoon,NewMoon,DyingCrescent,DyingCrescent,DyingCrescent,DyingCrescent
06/16/15,,1,SumSpr,2,Star,Star,Star,Star,Star,Star,Sun,Birds,Birds,Birds,Birds,Star,Star,3,Full,Full,Full,Full,Full,NewMoon,NewMoon,NewMoon,NewMoon,DyingCrescent,DyingCrescent,DyingCrescent,DyingCrescent
06/17/15,,1,SumSpr,2,Star,Star,Star,Star,Star,Star,Sun,Birds,Birds,Birds,Birds,Star,Star,3,Full,Full,Full,Full,Full,NewMoon,NewMoon,NewMoon,NewMoon,DyingCrescent,DyingCrescent,DyingCrescent,DyingCrescent
06/18/15,,1,SumSpr,2,Star,Star,Star,Star,Star,Star,Sun,Birds,Birds,Birds,Birds,Star,Star,3,Full,Full,Full,Full,Full,NewMoon,NewMoon,NewMoon,NewMoon,DyingCrescent,DyingCrescent,DyingCrescent,DyingCrescent
06/19/15,,1,SumSpr,2,Star,Star,Star,Star,Star,Star,Sun,Birds,Birds,Birds,Birds,Star,Star,3,Full,Full,Full,Full,Full,NewMoon,NewMoon,NewMoon,NewMoon,DyingCrescent,DyingCrescent,DyingCrescent,DyingCrescent
06/20/15,,1,SumSpr,2,Star,Star,Star,Star,Star,Star,Sun,Birds,Birds,Birds,Birds,Star,Star,3,Full,Full,Full,Full,Full,NewMoon,NewMoon,NewMoon,NewMoon,DyingCrescent,DyingCrescent,DyingCrescent,DyingCrescent
06/21/15,,1,SumSpr,2,Star,Star,Star,Star,Star,Star,Sun,Birds,Birds,Birds,Birds,Star,Star,3,Full,Full,Full,Full,Full,NewMoon,NewMoon,NewMoon,NewMoon,DyingCrescent,DyingCrescent,DyingCrescent,DyingCrescent
06/22/15,,1,SumSpr,2,Star,Star,Star,Star,Star,Star,Sun,Birds,Birds,Birds,Birds,Star,Star,3,Full,Full,Full,Full,Full,NewMoon,NewMoon,NewMoon,NewMoon,DyingCrescent,DyingCrescent,DyingCrescent,DyingCrescent
06/23/15,,1,SumSpr,2,Star,Star,Star,Star,Star,Star,Sun,Birds,Birds,Birds,Birds,Star,Star,3,Full,Full,Full,Full,Full,NewMoon,NewMoon,NewMoon,NewMoon,DyingCrescent,DyingCrescent,DyingCrescent,DyingCrescent
06/24/15,,1,SumSpr,2,Star,Star,Star,Star,Star,Star,Sun,Birds,Birds,Birds,Birds,Star,Star,3,Full,Full,Full,Full,Full,NewMoon,NewMoon,NewMoon,NewMoon,DyingCrescent,DyingCrescent,DyingCrescent,DyingCrescent
06/25/15,,1,SumSpr,2,Star,Star,Star,Star,Star,Star,Sun,Birds,Birds,Birds,Birds,Star,Star,3,Full,Full,Full,Full,Full,NewMoon,NewMoon,NewMoon,NewMoon,DyingCrescent,DyingCrescent,DyingCrescent,DyingCrescent
06/26/15,,1,SumSpr,2,Star,Star,Star,Star,Star,Star,Sun,Birds,Birds,Birds,Birds,Star,Star,3,Full,Full,Full,Full,Full,NewMoon,NewMoon,NewMoon,NewMoon,DyingCrescent,DyingCrescent,DyingCrescent,DyingCrescent
06/27/15,,1,SumSpr,2,Star,Star,Star,Star,Star,Star,Sun,Birds,Birds,Birds,Birds,Star,Star,3,Full,Full,Full,Full,Full,NewMoon,NewMoon,NewMoon,NewMoon,DyingCrescent,DyingCrescent,DyingCrescent,DyingCrescent
06/28/15,,1,SumSpr,2,Star,Star,Star,Star,Star,Star,Sun,Birds,Birds,Birds,Birds,Star,Star,3,Full,Full,Full,Full,Full,NewMoon,NewMoon,NewMoon,NewMoon,DyingCrescent,DyingCrescent,DyingCrescent,DyingCrescent
06/29/15,,1,SumSpr,2,Star,Star,Star,Star,Star,Star,Sun,Birds,Birds,Birds,Birds,Star,Star,3,Full,Full,Full,Full,Full,NewMoon,NewMoon,NewMoon,NewMoon,DyingCrescent,DyingCrescent,DyingCrescent,DyingCrescent
06/30/15,,1,SumSpr,2,Star,Star,Star,Star,Star,Star,Sun,Birds,Birds,Birds,Birds,Star,Star,3,Full,Full,Full,Full,Full,NewMoon,NewMoon,NewMoon,NewMoon,DyingCrescent,DyingCrescent,DyingCrescent,DyingCrescent
07/01/15,,1,SumSpr,2,Star,Star,Star,Star,Star,Star,Sun,Birds,Birds,Birds,Birds,Star,Star,3,Full,Full,Full,Full,Full,NewMoon,NewMoon,NewMoon,NewMoon,DyingCrescent,DyingCrescent,DyingCrescent,DyingCrescent
07/02/15,,1,SumSpr,2,Star,Star,Star,Star,Star,Star,Sun,Birds,Birds,Birds,Birds,Star,Star,3,Full,Full,Full,Full,Full,NewMoon,NewMoon,NewMoon,NewMoon,DyingCrescent,DyingCrescent,DyingCrescent,DyingCrescent
07/03/15,,1,SumSpr,2,Star,Star,Star,Star,Star,Star,Sun,Birds,Birds,Birds,Birds,Star,Star,3,Full,Full,Full,Full,Full,NewMoon,NewMoon,NewMoon,NewMoon,DyingCrescent,DyingCrescent,DyingCrescent,DyingCrescent
07/04/15,,1,SumSpr,2,Star,Star,Star,Star,Star,Star,Sun,Birds,Birds,Birds,Birds,Star,Star,3,Full,Full,Full,Full,Full,NewMoon,NewMoon,NewMoon,NewMoon,DyingCrescent,DyingCrescent,DyingCrescent,DyingCrescent
07/05/15,,1,SumSpr,2,Star,Star,Star,Star,Star,Star,Sun,Birds,Birds,Birds,Birds,Star,Star,3,Full,Full,Full,Full,Full,NewMoon,NewMoon,NewMoon,NewMoon,DyingCrescent,DyingCrescent,DyingCrescent,DyingCrescent
07/06/15,,1,SumSpr,2,Star,Star,Star,Star,Star,Star,Sun,Birds,Birds,Birds,Birds,Star,Star,3,Full,Full,Full,Full,Full,NewMoon,NewMoon,NewMoon,NewMoon,DyingCrescent,DyingCrescent,DyingCrescent,DyingCrescent
07/07/15,,1,SumSpr,2,Star,Star,Star,Star,Star,Star,Sun,Birds,Birds,Birds,Birds,Star,Star,3,Full,Full,Full,Full,Full,NewMoon,NewMoon,NewMoon,NewMoon,DyingCrescent,DyingCrescent,DyingCrescent,DyingCrescent
07/08/15,,1,SumSpr,2,Star,Star,Star,Star,Star,Star,Sun,Birds,Birds,Birds,Birds,Star,Star,3,Full,Full,Full,Full,Full,NewMoon,NewMoon,NewMoon,NewMoon,DyingCrescent,DyingCrescent,DyingCrescent,DyingCrescent
07/09/15,,1,SumSpr,2,Star,Star,Star,Star,Star,Star,Sun,Birds,Birds,Birds,Birds,Star,Star,3,Full,Full,Full,Full,Full,NewMoon,NewMoon,NewMoon,NewMoon,DyingCrescent,DyingCrescent,DyingCrescent,DyingCrescent
07/10/15,,1,SumSpr,2,Star,Star,Star,Star,Star,Star,Sun,Birds,Birds,Birds,Birds,Star,Star,3,Full,Full,Full,Full,Full,NewMoon,NewMoon,NewMoon,NewMoon,DyingCrescent,DyingCrescent,DyingCrescent,DyingCrescent
07/11/15,,1,SumSpr,2,Star,Star,Star,Star,Star,Star,Sun,Birds,Birds,Birds,Birds,Star,Star,3,Full,Full,Full,Full,Full,NewMoon,NewMoon,NewMoon,NewMoon,DyingCrescent,DyingCrescent,DyingCrescent,DyingCrescent
07/12/15,,1,SumSpr,2,Star,Star,Star,Star,Star,Star,Sun,Birds,Birds,Birds,Birds,Star,Star,3,Full,Full,Full,Full,Full,NewMoon,NewMoon,NewMoon,NewMoon,DyingCrescent,DyingCrescent,DyingCrescent,DyingCrescent
07/13/15,,1,SumSpr,2,Star,Star,Star,Star,Star,Star,Sun,Birds,Birds,Birds,Birds,Star,Star,3,Full,Full,Full,Full,Full,NewMoon,NewMoon,NewMoon,NewMoon,DyingCrescent,DyingCrescent,DyingCrescent,DyingCrescent
07/14/15,,1,SumSpr,2,Star,Star,Star,Star,Star,Star,Sun,Birds,Birds,Birds,Birds,Star,Star,3,Full,Full,Full,Full,Full,NewMoon,NewMoon,NewMoon,NewMoon,DyingCrescent,DyingCrescent,DyingCrescent,DyingCrescent
07/15/15,,1,SumSpr,2,Star,Star,Star,Star,Star,Star,Sun,Birds,Birds,Birds,Birds,Star,Star,3,Full,Full,Full,Full,Full,NewMoon,NewMoon,NewMoon,NewMoon,DyingCrescent,DyingCrescent,DyingCrescent,DyingCrescent
07/16/15,,1,SumSpr,2,Star,Star,Star,Star,Star,Star,Sun,Birds,Birds,Birds,Birds,Star,Star,3,Full,Full,Full,Full,Full,NewMoon,NewMoon,NewMoon,NewMoon,DyingCrescent,DyingCrescent,DyingCrescent,DyingCrescent
07/17/15,,1,SumSpr,2,Star,Star,Star,Star,Star,Star,Sun,Birds,Birds,Birds,Birds,Star,Star,3,Full,Full,Full,Full,Full,NewMoon,NewMoon,NewMoon,NewMoon,DyingCrescent,DyingCrescent,DyingCrescent,DyingCrescent
07/18/15,,1,SumSpr,2,Star,Star,Star,Star,Star,Star,Sun,Birds,Birds,Birds,Birds,Star,Star,3,Full,Full,Full,Full,Full,NewMoon,NewMoon,NewMoon,NewMoon,DyingCrescent,DyingCrescent,DyingCrescent,DyingCrescent
07/19/15,,1,SumSpr,2,Star,Star,Star,Star,Star,Star,Sun,Birds,Birds,Birds,Birds,Star,Star,3,Full,Full,Full,Full,Full,NewMoon,NewMoon,NewMoon,NewMoon,DyingCrescent,DyingCrescent,DyingCrescent,DyingCrescent
07/20/15,,1,SumSpr,2,Star,Star,Star,Star,Star,Star,Sun,Birds,Birds,Birds,Birds,Star,Star,3,Full,Full,Full,Full,Full,NewMoon,NewMoon,NewMoon,NewMoon,DyingCrescent,DyingCrescent,DyingCrescent,DyingCrescent
07/21/15,,1,SumSpr,2,Star,Star,Star,Star,Star,Star,Sun,Birds,Birds,Birds,Birds,Star,Star,3,Full,Full,Full,Full,Full,NewMoon,NewMoon,NewMoon,NewMoon,DyingCrescent,DyingCrescent,DyingCrescent,DyingCrescent
07/22/15,,1,SumSpr,2,Star,Star,Star,Star,Star,Star,Sun,Birds,Birds,Birds,Birds,Star,Star,3,Full,Full,Full,Full,Full,NewMoon,NewMoon,NewMoon,NewMoon,DyingCrescent,DyingCrescent,DyingCrescent,DyingCrescent
07/23/15,,1,SumSpr,2,Star,Star,Star,Star,Star,Star,Sun,Birds,Birds,Birds,Birds,Star,Star,3,Full,Full,Full,Full,Full,NewMoon,NewMoon,NewMoon,NewMoon,DyingCrescent,DyingCrescent,DyingCrescent,DyingCrescent
07/24/15,,1,SumSpr,2,Star,Star,Star,Star,Star,Star,Sun,Birds,Birds,Birds,Birds,Star,Star,3,Full,Full,Full,Full,Full,NewMoon,NewMoon,NewMoon,NewMoon,DyingCrescent,DyingCrescent,DyingCrescent,DyingCrescent
07/25/15,,1,SumSpr,2,Star,Star,Star,Star,Star,Star,Sun,Birds,Birds,Birds,Birds,Star,Star,3,Full,Full,Full,Full,Full,NewMoon,NewMoon,NewMoon,NewMoon,DyingCrescent,DyingCrescent,DyingCrescent,DyingCrescent
07/26/15,,1,SumSpr,2,Star,Star,Star,Star,Star,Star,Sun,Birds,Birds,Birds,Birds,Star,Star,3,Full,Full,Full,Full,Full,NewMoon,NewMoon,NewMoon,NewMoon,DyingCrescent,DyingCrescent,DyingCrescent,DyingCrescent
07/27/15,,1,SumSpr,2,Star,Star,Star,Star,Star,Star,Sun,Birds,Birds,Birds,Birds,Star,Star,3,Full,Full,Full,Full,Full,NewMoon,NewMoon,NewMoon,NewMoon,DyingCrescent,DyingCrescent,DyingCrescent,DyingCrescent
07/28/15,,1,SumSpr,2,Star,Star,Star,Star,Star,Star,Sun,Birds,Birds,Birds,Birds,Star,Star,3,Full,Full,Full,Full,Full,NewMoon,NewMoon,NewMoon,NewMoon,DyingCrescent,DyingCrescent,DyingCrescent,DyingCrescent
07/29/15,,1,SumSpr,2,Star,Star,Star,Star,Star,Star,Sun,Birds,Birds,Birds,Birds,Star,Star,3,Full,Full,Full,Full,Full,NewMoon,NewMoon,NewMoon,NewMoon,DyingCrescent,DyingCrescent,DyingCrescent,DyingCrescent
07/30/15,,1,SumSpr,2,Star,Star,Star,Star,Star,Star,Sun,Birds,Birds,Birds,Birds,Star,Star,3,Full,Full,Full,Full,Full,NewMoon,NewMoon,NewMoon,NewMoon,DyingCrescent,DyingCrescent,DyingCrescent,DyingCrescent
07/31/15,,1,SumSpr,2,Star,Star,Star,Star,Star,Star,Sun,Birds,Birds,Birds,Birds,Star,Star,3,Full,Full,Full,Full,Full,NewMoon,NewMoon,NewMoon,NewMoon,DyingCrescent,DyingCrescent,DyingCrescent,DyingCrescent
08/01/15,,1,SumSpr,2,Star,Star,Star,Star,Star,Star,Sun,Birds,Birds,Birds,Birds,Star,Star,3,Full,Full,Full,Full,Full,NewMoon,NewMoon,NewMoon,NewMoon,DyingCrescent,DyingCrescent,DyingCrescent,DyingCrescent
08/02/15,,1,SumSpr,2,Star,Star,Star,Star,Star,Star,Sun,Birds,Birds,Birds,Birds,Star,Star,3,Full,Full,Full,Full,Full,NewMoon,NewMoon,NewMoon,NewMoon,DyingCrescent,DyingCrescent,DyingCrescent,DyingCrescent
08/03/15,,1,SumSpr,2,Star,Star,Star,Star,Star,Star,Sun,Birds,Birds,Birds,Birds,Star,Star,3,Full,Full,Full,Full,Full,NewMoon,NewMoon,NewMoon,NewMoon,DyingCrescent,DyingCrescent,DyingCrescent,DyingCrescent
08/04/15,,1,SumSpr,2,Star,Star,Star,Star,Star,Star,Sun,Birds,Birds,Birds,Birds,Star,Star,3,Full,Full,Full,Full,Full,NewMoon,NewMoon,NewMoon,NewMoon,DyingCrescent,DyingCrescent,DyingCrescent,DyingCrescent
08/05/15,,1,SumSpr,2,Star,Star,Star,Star,Star,Star,Sun,Birds,Birds,Birds,Birds,Star,Star,3,Full,Full,Full,Full,Full,NewMoon,NewMoon,NewMoon,NewMoon,DyingCrescent,DyingCrescent,DyingCrescent,DyingCrescent
08/06/15,,1,SumSpr,2,Star,Star,Star,Star,Star,Star,Sun,Birds,Birds,Birds,Birds,Star,Star,3,Full,Full,Full,Full,Full,NewMoon,NewMoon,NewMoon,NewMoon,DyingCrescent,DyingCrescent,DyingCrescent,DyingCrescent
08/07/15,,1,SumSpr,2,Star,Star,Star,Star,Star,Star,Sun,Birds,Birds,Birds,Birds,Star,Star,3,Full,Full,Full,Full,Full,NewMoon,NewMoon,NewMoon,NewMoon,DyingCrescent,DyingCrescent,DyingCrescent,DyingCrescent
08/08/15,,1,SumSpr,2,Star,Star,Star,Star,Star,Star,Sun,Birds,Birds,Birds,Birds,Star,Star,3,Full,Full,Full,Full,Full,NewMoon,NewMoon,NewMoon,NewMoon,DyingCrescent,DyingCrescent,DyingCrescent,DyingCrescent
08/09/15,,1,SumSpr,2,Star,Star,Star,Star,Star,Star,Sun,Birds,Birds,Birds,Birds,Star,Star,3,Full,Full,Full,Full,Full,NewMoon,NewMoon,NewMoon,NewMoon,DyingCrescent,DyingCrescent,DyingCrescent,DyingCrescent
08/10/15,,1,SumSpr,2,Star,Star,Star,Star,Star,Star,Sun,Birds,Birds,Birds,Birds,Star,Star,3,Full,Full,Full,Full,Full,NewMoon,NewMoon,NewMoon,NewMoon,DyingCrescent,DyingCrescent,DyingCrescent,DyingCrescent
08/11/15,,1,SumSpr,2,Star,Star,Star,Star,Star,Star,Sun,Birds,Birds,Birds,Birds,Star,Star,3,Full,Full,Full,Full,Full,NewMoon,NewMoon,NewMoon,NewMoon,DyingCrescent,DyingCrescent,DyingCrescent,DyingCrescent
08/12/15,,1,SumSpr,2,Star,Star,Star,Star,Star,Star,Sun,Birds,Birds,Birds,Birds,Star,Star,3,Full,Full,Full,Full,Full,NewMoon,NewMoon,NewMoon,NewMoon,DyingCrescent,DyingCrescent,DyingCrescent,DyingCrescent
08/13/15,,1,SumSpr,2,Star,Star,Star,Star,Star,Star,Sun,Birds,Birds,Birds,Birds,Star,Star,3,Full,Full,Full,Full,Full,NewMoon,NewMoon,NewMoon,NewMoon,DyingCrescent,DyingCrescent,DyingCrescent,DyingCrescent
08/14/15,,1,SumSpr,2,Star,Star,Star,Star,Star,Star,Sun,Birds,Birds,Birds,Birds,Star,Star,3,Full,Full,Full,Full,Full,NewMoon,NewMoon,NewMoon,NewMoon,DyingCrescent,DyingCrescent,DyingCrescent,DyingCrescent
08/15/15,,1,SumSpr,2,Star,Star,Star,Star,Star,Star,Sun,Birds,Birds,Birds,Birds,Star,Star,3,Full,Full,Full,Full,Full,NewMoon,NewMoon,NewMoon,NewMoon,DyingCrescent,DyingCrescent,DyingCrescent,DyingCrescent
08/16/15,,1,SumSpr,2,Star,Star,Star,Star,Star,Star,Sun,Birds,Birds,Birds,Birds,Star,Star,3,Full,Full,Full,Full,Full,NewMoon,NewMoon,NewMoon,NewMoon,DyingCrescent,DyingCrescent,DyingCrescent,DyingCrescent
08/17/15,,1,SumSpr,2,Star,Star,Star,Star,Star,Star,Sun,Birds,Birds,Birds,Birds,Star,Star,3,Full,Full,Full,Full,Full,NewMoon,NewMoon,NewMoon,NewMoon,DyingCrescent,DyingCrescent,DyingCrescent,DyingCrescent
08/18/15,,1,SumSpr,2,Star,Star,Star,Star,Star,Star,Sun,Birds,Birds,Birds,Birds,Star,Star,3,Full,Full,Full,Full,Full,NewMoon,NewMoon,NewMoon,NewMoon,DyingCrescent,DyingCrescent,DyingCrescent,DyingCrescent
08/19/15,,1,SumSpr,2,Star,Star,Star,Star,Star,Star,Sun,Birds,Birds,Birds,Birds,Star,Star,3,Full,Full,Full,Full,Full,NewMoon,NewMoon,NewMoon,NewMoon,DyingCrescent,DyingCrescent,DyingCrescent,DyingCrescent
08/20/15,,1,SumSpr,2,Star,Star,Star,Star,Star,Star,Sun,Birds,Birds,Birds,Birds,Star,Star,3,Full,Full,Full,Full,Full,NewMoon,NewMoon,NewMoon,NewMoon,DyingCrescent,DyingCrescent,DyingCrescent,DyingCrescent
08/21/15,,1,SumSpr,2,Star,Star,Star,Star,Star,Star,Sun,Birds,Birds,Birds,Birds,Star,Star,3,Full,Full,Full,Full,Full,NewMoon,NewMoon,NewMoon,NewMoon,DyingCrescent,DyingCrescent,DyingCrescent,DyingCrescent
08/22/15,,1,SumSpr,2,Star,Star,Star,Star,Star,Star,Sun,Birds,Birds,Birds,Birds,Star,Star,3,Full,Full,Full,Full,Full,NewMoon,NewMoon,NewMoon,NewMoon,DyingCrescent,DyingCrescent,DyingCrescent,DyingCrescent
08/23/15,,1,SumSpr,2,Star,Star,Star,Star,Star,Star,Sun,Birds,Birds,Birds,Birds,Star,Star,3,Full,Full,Full,Full,Full,NewMoon,NewMoon,NewMoon,NewMoon,DyingCrescent,DyingCrescent,DyingCrescent,DyingCrescent
08/24/15,,1,SumSpr,2,Star,Star,Star,Star,Star,Star,Sun,Birds,Birds,Birds,Birds,Star,Star,3,Full,Full,Full,Full,Full,NewMoon,NewMoon,NewMoon,NewMoon,DyingCrescent,DyingCrescent,DyingCrescent,DyingCrescent
08/25/15,,1,SumSpr,2,Star,Star,Star,Star,Star,Star,Sun,Birds,Birds,Birds,Birds,Star,Star,3,Full,Full,Full,Full,Full,NewMoon,NewMoon,NewMoon,NewMoon,DyingCrescent,DyingCrescent,DyingCrescent,DyingCrescent
08/26/15,,1,SumSpr,2,Star,Star,Star,Star,Star,Star,Sun,Birds,Birds,Birds,Birds,Star,Star,3,Full,Full,Full,Full,Full,NewMoon,NewMoon,NewMoon,NewMoon,DyingCrescent,DyingCrescent,DyingCrescent,DyingCrescent
08/27/15,,1,SumSpr,2,Star,Star,Star,Star,Star,Star,Sun,Birds,Birds,Birds,Birds,Star,Star,3,Full,Full,Full,Full,Full,NewMoon,NewMoon,NewMoon,NewMoon,DyingCrescent,DyingCrescent,DyingCrescent,DyingCrescent
08/28/15,,1,SumSpr,2,Star,Star,Star,Star,Star,Star,Sun,Birds,Birds,Birds,Birds,Star,Star,3,Full,Full,Full,Full,Full,NewMoon,NewMoon,NewMoon,NewMoon,DyingCrescent,DyingCrescent,DyingCrescent,DyingCrescent
08/29/15,,1,SumSpr,2,Star,Star,Star,Star,Star,Star,Sun,Birds,Birds,Birds,Birds,Star,Star,3,Full,Full,Full,Full,Full,NewMoon,NewMoon,NewMoon,NewMoon,DyingCrescent,DyingCrescent,DyingCrescent,DyingCrescent
08/30/15,,1,SumSpr,2,Star,Star,Star,Star,Star,Star,Sun,Birds,Birds,Birds,Birds,Star,Star,3,Full,Full,Full,Full,Full,NewMoon,NewMoon,NewMoon,NewMoon,DyingCrescent,DyingCrescent,DyingCrescent,DyingCrescent
08/31/15,,1,SumSpr,2,Star,Star,Star,Star,Star,Star,Sun,Birds,Birds,Birds,Birds,Star,Star,3,Full,Full,Full,Full,Full,NewMoon,NewMoon,NewMoon,NewMoon,DyingCrescent,DyingCrescent,DyingCrescent,DyingCrescent
09/01/15,,1,Fall,2,Star,Star,Star,Star,Star,Star,Sun,Birds,Birds,Birds,Birds,Star,Star,3,Full,Full,Full,Full,Full,NewMoon,NewMoon,NewMoon,NewMoon,DyingCrescent,DyingCrescent,DyingCrescent,DyingCrescent
09/02/15,,1,Fall,2,Star,Star,Star,Star,Star,Star,Sun,Birds,Birds,Birds,Birds,Star,Star,3,Full,Full,Full,Full,Full,NewMoon,NewMoon,NewMoon,NewMoon,DyingCrescent,DyingCrescent,DyingCrescent,DyingCrescent
09/03/15,,1,Fall,2,Star,Star,Star,Star,Star,Star,Sun,Birds,Birds,Birds,Birds,Star,Star,3,Full,Full,Full,Full,Full,NewMoon,NewMoon,NewMoon,NewMoon,DyingCrescent,DyingCrescent,DyingCrescent,DyingCrescent
09/04/15,,1,Fall,2,Star,Star,Star,Star,Star,Star,Sun,Birds,Birds,Birds,Birds,Star,Star,3,Full,Full,Full,Full,Full,NewMoon,NewMoon,NewMoon,NewMoon,DyingCrescent,DyingCrescent,DyingCrescent,DyingCrescent
09/05/15,,1,Fall,2,Star,Star,Star,Star,Star,Star,Sun,Birds,Birds,Birds,Birds,Star,Star,3,Full,Full,Full,Full,Full,NewMoon,NewMoon,NewMoon,NewMoon,DyingCrescent,DyingCrescent,DyingCrescent,DyingCrescent
09/06/15,,1,Fall,2,Star,Star,Star,Star,Star,Star,Sun,Birds,Birds,Birds,Birds,Star,Star,3,Full,Full,Full,Full,Full,NewMoon,NewMoon,NewMoon,NewMoon,DyingCrescent,DyingCrescent,DyingCrescent,DyingCrescent
09/07/15,,1,Fall,2,Star,Star,Star,Star,Star,Star,Sun,Birds,Birds,Birds,Birds,Star,Star,3,Full,Full,Full,Full,Full,NewMoon,NewMoon,NewMoon,NewMoon,DyingCrescent,DyingCrescent,DyingCrescent,DyingCrescent
09/08/15,,1,Fall,2,Star,Star,Star,Star,Star,Star,Sun,Birds,Birds,Birds,Birds,Star,Star,3,Full,Full,Full,Full,Full,NewMoon,NewMoon,NewMoon,NewMoon,DyingCrescent,DyingCrescent,DyingCrescent,DyingCrescent
09/09/15,,1,Fall,2,Star,Star,Star,Star,Star,Star,Sun,Birds,Birds,Birds,Birds,Star,Star,3,Full,Full,Full,Full,Full,NewMoon,NewMoon,NewMoon,NewMoon,DyingCrescent,DyingCrescent,DyingCrescent,DyingCrescent
09/10/15,,1,Fall,2,Star,Star,Star,Star,Star,Star,Sun,Birds,Birds,Birds,Birds,Star,Star,3,Full,Full,Full,Full,Full,NewMoon,NewMoon,NewMoon,NewMoon,DyingCrescent,DyingCrescent,DyingCrescent,DyingCrescent
09/11/15,,1,Fall,2,Star,Star,Star,Star,Star,Star,Sun,Birds,Birds,Birds,Birds,Star,Star,3,Full,Full,Full,Full,Full,NewMoon,NewMoon,NewMoon,NewMoon,DyingCrescent,DyingCrescent,DyingCrescent,DyingCrescent
09/12/15,,1,Fall,2,Star,Star,Star,Star,Star,Star,Sun,Birds,Birds,Birds,Birds,Star,Star,3,Full,Full,Full,Full,Full,NewMoon,NewMoon,NewMoon,NewMoon,DyingCrescent,DyingCrescent,DyingCrescent,DyingCrescent
09/13/15,,1,Fall,2,Star,Star,Star,Star,Star,Star,Sun,Birds,Birds,Birds,Birds,Star,Star,3,Full,Full,Full,Full,Full,NewMoon,NewMoon,NewMoon,NewMoon,DyingCrescent,DyingCrescent,DyingCrescent,DyingCrescent
09/14/15,,1,Fall,2,Star,Star,Star,Star,Star,Star,Sun,Birds,Birds,Birds,Birds,Star,Star,3,Full,Full,Full,Full,Full,NewMoon,NewMoon,NewMoon,NewMoon,DyingCrescent,DyingCrescent,DyingCrescent,DyingCrescent
09/15/15,,1,Fall,2,Star,Star,Star,Star,Star,Star,Sun,Birds,Birds,Birds,Birds,Star,Star,3,Full,Full,Full,Full,Full,NewMoon,NewMoon,NewMoon,NewMoon,DyingCrescent,DyingCrescent,DyingCrescent,DyingCrescent
09/16/15,,1,Fall,2,Star,Star,Star,Star,Star,Star,Sun,Birds,Birds,Birds,Birds,Star,Star,3,Full,Full,Full,Full,Full,NewMoon,NewMoon,NewMoon,NewMoon,DyingCrescent,DyingCrescent,DyingCrescent,DyingCrescent
09/17/15,,1,Fall,2,Star,Star,Star,Star,Star,Star,Sun,Birds,Birds,Birds,Birds,Star,Star,3,Full,Full,Full,Full,Full,NewMoon,NewMoon,NewMoon,NewMoon,DyingCrescent,DyingCrescent,DyingCrescent,DyingCrescent
09/18/15,,1,Fall,2,Star,Star,Star,Star,Star,Star,Sun,Birds,Birds,Birds,Birds,Star,Star,3,Full,Full,Full,Full,Full,NewMoon,NewMoon,NewMoon,NewMoon,DyingCrescent,DyingCrescent,DyingCrescent,DyingCrescent
09/19/15,,1,Fall,2,Star,Star,Star,Star,Star,Star,Sun,Birds,Birds,Birds,Birds,Star,Star,3,Full,Full,Full,Full,Full,NewMoon,NewMoon,NewMoon,NewMoon,DyingCrescent,DyingCrescent,DyingCrescent,DyingCrescent
09/20/15,,1,Fall,2,Star,Star,Star,Star,Star,Star,Sun,Birds,Birds,Birds,Birds,Star,Star,3,Full,Full,Full,Full,Full,NewMoon,NewMoon,NewMoon,NewMoon,DyingCrescent,DyingCrescent,DyingCrescent,DyingCrescent
09/21/15,,1,Fall,2,Star,Star,Star,Star,Star,Star,Sun,Birds,Birds,Birds,Birds,Star,Star,3,Full,Full,Full,Full,Full,NewMoon,NewMoon,NewMoon,NewMoon,DyingCrescent,DyingCrescent,DyingCrescent,DyingCrescent
09/22/15,,1,Fall,2,Star,Star,Star,Star,Star,Star,Sun,Birds,Birds,Birds,Birds,Star,Star,3,Full,Full,Full,Full,Full,NewMoon,NewMoon,NewMoon,NewMoon,DyingCrescent,DyingCrescent,DyingCrescent,DyingCrescent
09/23/15,,1,Fall,2,Star,Star,Star,Star,Star,Star,Sun,Birds,Birds,Birds,Birds,Star,Star,3,Full,Full,Full,Full,Full,NewMoon,NewMoon,NewMoon,NewMoon,DyingCrescent,DyingCrescent,DyingCrescent,DyingCrescent
09/24/15,,1,Fall,2,Star,Star,Star,Star,Star,Star,Sun,Birds,Birds,Birds,Birds,Star,Star,3,Full,Full,Full,Full,Full,NewMoon,NewMoon,NewMoon,NewMoon,DyingCrescent,DyingCrescent,DyingCrescent,DyingCrescent
09/25/15,,1,Fall,2,Star,Star,Star,Star,Star,Star,Sun,Birds,Birds,Birds,Birds,Star,Star,3,Full,Full,Full,Full,Full,NewMoon,NewMoon,NewMoon,NewMoon,DyingCrescent,DyingCrescent,DyingCrescent,DyingCrescent
09/26/15,,1,Fall,2,Star,Star,Star,Star,Star,Star,Sun,Birds,Birds,Birds,Birds,Star,Star,3,Full,Full,Full,Full,Full,NewMoon,NewMoon,NewMoon,NewMoon,DyingCrescent,DyingCrescent,DyingCrescent,DyingCrescent
09/27/15,,1,Fall,2,Star,Star,Star,Star,Star,Star,Sun,Birds,Birds,Birds,Birds,Star,Star,3,Full,Full,Full,Full,Full,NewMoon,NewMoon,NewMoon,NewMoon,DyingCrescent,DyingCrescent,DyingCrescent,DyingCrescent
09/28/15,,1,Fall,2,Star,Star,Star,Star,Star,Star,Sun,Birds,Birds,Birds,Birds,Star,Star,3,Full,Full,Full,Full,Full,NewMoon,NewMoon,NewMoon,NewMoon,DyingCrescent,DyingCrescent,DyingCrescent,DyingCrescent
09/29/15,,1,Fall,2,Star,Star,Star,Star,Star,Star,Sun,Birds,Birds,Birds,Birds,Star,Star,3,Full,Full,Full,Full,Full,NewMoon,NewMoon,NewMoon,NewMoon,DyingCrescent,DyingCrescent,DyingCrescent,DyingCrescent
09/30/15,,1,Fall,2,Star,Star,Star,Star,Star,Star,Sun,Birds,Birds,Birds,Birds,Star,Star,3,Full,Full,Full,Full,Full,NewMoon,NewMoon,NewMoon,NewMoon,DyingCrescent,DyingCrescent,DyingCrescent,DyingCrescent
10/01/15,,1,Fall,2,Star,Star,Star,Star,Star,Star,Sun,Birds,Birds,Birds,Birds,Star,Star,3,Full,Full,Full,Full,Full,NewMoon,NewMoon,NewMoon,NewMoon,DyingCrescent,DyingCrescent,DyingCrescent,DyingCrescent
10/02/15,,1,Fall,2,Star,Star,Star,Star,Star,Star,Sun,Birds,Birds,Birds,Birds,Star,Star,3,Full,Full,Full,Full,Full,NewMoon,NewMoon,NewMoon,NewMoon,DyingCrescent,DyingCrescent,DyingCrescent,DyingCrescent
10/03/15,,1,Fall,2,Star,Star,Star,Star,Star,Star,Sun,Birds,Birds,Birds,Birds,Star,Star,3,Full,Full,Full,Full,Full,NewMoon,NewMoon,NewMoon,NewMoon,DyingCrescent,DyingCrescent,DyingCrescent,DyingCrescent
10/04/15,,1,Fall,2,Star,Star,Star,Star,Star,Star,Sun,Birds,Birds,Birds,Birds,Star,Star,3,Full,Full,Full,Full,Full,NewMoon,NewMoon,NewMoon,NewMoon,DyingCrescent,DyingCrescent,DyingCrescent,DyingCrescent
10/05/15,,1,Fall,2,Star,Star,Star,Star,Star,Star,Sun,Birds,Birds,Birds,Birds,Star,Star,3,Full,Full,Full,Full,Full,NewMoon,NewMoon,NewMoon,NewMoon,DyingCrescent,DyingCrescent,DyingCrescent,DyingCrescent
10/06/15,,1,Fall,2,Star,Star,Star,Star,Star,Star,Sun,Birds,Birds,Birds,Birds,Star,Star,3,Full,Full,Full,Full,Full,NewMoon,NewMoon,NewMoon,NewMoon,DyingCrescent,DyingCrescent,DyingCrescent,DyingCrescent
10/07/15,,1,Fall,2,Star,Star,Star,Star,Star,Star,Sun,Birds,Birds,Birds,Birds,Star,Star,3,Full,Full,Full,Full,Full,NewMoon,NewMoon,NewMoon,NewMoon,DyingCrescent,DyingCrescent,DyingCrescent,DyingCrescent
10/08/15,,1,Fall,2,Star,Star,Star,Star,Star,Star,Sun,Birds,Birds,Birds,Birds,Star,Star,3,Full,Full,Full,Full,Full,NewMoon,NewMoon,NewMoon,NewMoon,DyingCrescent,DyingCrescent,DyingCrescent,DyingCrescent
10/09/15,,1,Fall,2,Star,Star,Star,Star,Star,Star,Sun,Birds,Birds,Birds,Birds,Star,Star,3,Full,Full,Full,Full,Full,NewMoon,NewMoon,NewMoon,NewMoon,DyingCrescent,DyingCrescent,DyingCrescent,DyingCrescent
10/10/15,,1,Fall,2,Star,Star,Star,Star,Star,Star,Sun,Birds,Birds,Birds,Birds,Star,Star,3,Full,Full,Full,Full,Full,NewMoon,NewMoon,NewMoon,NewMoon,DyingCrescent,DyingCrescent,DyingCrescent,DyingCrescent
10/11/15,,1,Fall,2,Star,Star,Star,Star,Star,Star,Sun,Birds,Birds,Birds,Birds,Star,Star,3,Full,Full,Full,Full,Full,NewMoon,NewMoon,NewMoon,NewMoon,DyingCrescent,DyingCrescent,DyingCrescent,DyingCrescent
10/12/15,,1,Fall,2,Star,Star,Star,Star,Star,Star,Sun,Birds,Birds,Birds,Birds,Star,Star,3,Full,Full,Full,Full,Full,NewMoon,NewMoon,NewMoon,NewMoon,DyingCrescent,DyingCrescent,DyingCrescent,DyingCrescent
10/13/15,,1,Fall,2,Star,Star,Star,Star,Star,Star,Sun,Birds,Birds,Birds,Birds,Star,Star,3,Full,Full,Full,Full,Full,NewMoon,NewMoon,NewMoon,NewMoon,DyingCrescent,DyingCrescent,DyingCrescent,DyingCrescent
10/14/15,,1,Fall,2,Star,Star,Star,Star,Star,Star,Sun,Birds,Birds,Birds,Birds,Star,Star,3,Full,Full,Full,Full,Full,NewMoon,NewMoon,NewMoon,NewMoon,DyingCrescent,DyingCrescent,DyingCrescent,DyingCrescent
10/15/15,,1,Fall,2,Star,Star,Star,Star,Star,Star,Sun,Birds,Birds,Birds,Birds,Star,Star,3,Full,Full,Full,Full,Full,NewMoon,NewMoon,NewMoon,NewMoon,DyingCrescent,DyingCrescent,DyingCrescent,DyingCrescent
10/16/15,,1,Fall,2,Star,Star,Star,Star,Star,Star,Sun,Birds,Birds,Birds,Birds,Star,Star,3,Full,Full,Full,Full,Full,NewMoon,NewMoon,NewMoon,NewMoon,DyingCrescent,DyingCrescent,DyingCrescent,DyingCrescent
10/17/15,,1,Fall,2,Star,Star,Star,Star,Star,Star,Sun,Birds,Birds,Birds,Birds,Star,Star,3,Full,Full,Full,Full,Full,NewMoon,NewMoon,NewMoon,NewMoon,DyingCrescent,DyingCrescent,DyingCrescent,DyingCrescent
10/18/15,,1,Fall,2,Star,Star,Star,Star,Star,Star,Sun,Birds,Birds,Birds,Birds,Star,Star,3,Full,Full,Full,Full,Full,NewMoon,NewMoon,NewMoon,NewMoon,DyingCrescent,DyingCrescent,DyingCrescent,DyingCrescent
10/19/15,,1,Fall,2,Star,Star,Star,Star,Star,Star,Sun,Birds,Birds,Birds,Birds,Star,Star,3,Full,Full,Full,Full,Full,NewMoon,NewMoon,NewMoon,NewMoon,DyingCrescent,DyingCrescent,DyingCrescent,DyingCrescent
10/20/15,,1,Fall,2,Star,Star,Star,Star,Star,Star,Sun,Birds,Birds,Birds,Birds,Star,Star,3,Full,Full,Full,Full,Full,NewMoon,NewMoon,NewMoon,NewMoon,DyingCrescent,DyingCrescent,DyingCrescent,DyingCrescent
10/21/15,,1,Fall,2,Star,Star,Star,Star,Star,Star,Sun,Birds,Birds,Birds,Birds,Star,Star,3,Full,Full,Full,Full,Full,NewMoon,NewMoon,NewMoon,NewMoon,DyingCrescent,DyingCrescent,DyingCrescent,DyingCrescent
10/22/15,,1,Fall,2,Star,Star,Star,Star,Star,Star,Sun,Birds,Birds,Birds,Birds,Star,Star,3,Full,Full,Full,Full,Full,NewMoon,NewMoon,NewMoon,NewMoon,DyingCrescent,DyingCrescent,DyingCrescent,DyingCrescent
10/23/15,,1,Fall,2,Star,Star,Star,Star,Star,Star,Sun,Birds,Birds,Birds,Birds,Star,Star,3,Full,Full,Full,Full,Full,NewMoon,NewMoon,NewMoon,NewMoon,DyingCrescent,DyingCrescent,DyingCrescent,DyingCrescent
10/24/15,,1,Fall,2,Star,Star,Star,Star,Star,Star,Sun,Birds,Birds,Birds,Birds,Star,Star,3,Full,Full,Full,Full,Full,NewMoon,NewMoon,NewMoon,NewMoon,DyingCrescent,DyingCrescent,DyingCrescent,DyingCrescent
10/25/15,,1,Fall,2,Star,Star,Star,Star,Star,Star,Sun,Birds,Birds,Birds,Birds,Star,Star,3,Full,Full,Full,Full,Full,NewMoon,NewMoon,NewMoon,NewMoon,DyingCrescent,DyingCrescent,DyingCrescent,DyingCrescent
10/26/15,,1,Fall,2,Star,Star,Star,Star,Star,Star,Sun,Birds,Birds,Birds,Birds,Star,Star,3,Full,Full,Full,Full,Full,NewMoon,NewMoon,NewMoon,NewMoon,DyingCrescent,DyingCrescent,DyingCrescent,DyingCrescent
10/27/15,,1,Fall,2,Star,Star,Star,Star,Star,Star,Sun,Birds,Birds,Birds,Birds,Star,Star,3,Full,Full,Full,Full,Full,NewMoon,NewMoon,NewMoon,NewMoon,DyingCrescent,DyingCrescent,DyingCrescent,DyingCrescent
10/28/15,,1,Fall,2,Star,Star,Star,Star,Star,Star,Sun,Birds,Birds,Birds,Birds,Star,Star,3,Full,Full,Full,Full,Full,NewMoon,NewMoon,NewMoon,NewMoon,DyingCrescent,DyingCrescent,DyingCrescent,DyingCrescent
10/29/15,,1,Fall,2,Star,Star,Star,Star,Star,Star,Sun,Birds,Birds,Birds,Birds,Star,Star,3,Full,Full,Full,Full,Full,NewMoon,NewMoon,NewMoon,NewMoon,DyingCrescent,DyingCrescent,DyingCrescent,DyingCrescent
10/30/15,,1,Fall,2,Star,Star,Star,Star,Star,Star,Sun,Birds,Birds,Birds,Birds,Star,Star,3,Full,Full,Full,Full,Full,NewMoon,NewMoon,NewMoon,NewMoon,DyingCrescent,DyingCrescent,DyingCrescent,DyingCrescent
10/31/15,,1,Fall,2,Star,Star,Star,Star,Star,Star,Sun,Birds,Birds,Birds,Birds,Star,Star,3,Full,Full,Full,Full,Full,NewMoon,NewMoon,NewMoon,NewMoon,DyingCrescent,DyingCrescent,DyingCrescent,DyingCrescent
11/01/15,,1,Fall,2,Star,Star,Star,Star,Star,Star,Sun,Birds,Birds,Birds,Birds,Star,Star,3,Full,Full,Full,Full,Full,NewMoon,NewMoon,NewMoon,NewMoon,DyingCrescent,DyingCrescent,DyingCrescent,DyingCrescent
11/02/15,,1,Fall,2,Star,Star,Star,Star,Star,Star,Sun,Birds,Birds,Birds,Birds,Star,Star,3,Full,Full,Full,Full,Full,NewMoon,NewMoon,NewMoon,NewMoon,DyingCrescent,DyingCrescent,DyingCrescent,DyingCrescent
11/03/15,,1,Fall,2,Star,Star,Star,Star,Star,Star,Sun,Birds,Birds,Birds,Birds,Star,Star,3,Full,Full,Full,Full,Full,NewMoon,NewMoon,NewMoon,NewMoon,DyingCrescent,DyingCrescent,DyingCrescent,DyingCrescent
11/04/15,,1,Fall,2,Star,Star,Star,Star,Star,Star,Sun,Birds,Birds,Birds,Birds,Star,Star,3,Full,Full,Full,Full,Full,NewMoon,NewMoon,NewMoon,NewMoon,DyingCrescent,DyingCrescent,DyingCrescent,DyingCrescent
11/05/15,,1,Fall,2,Star,Star,Star,Star,Star,Star,Sun,Birds,Birds,Birds,Birds,Star,Star,3,Full,Full,Full,Full,Full,NewMoon,NewMoon,NewMoon,NewMoon,DyingCrescent,DyingCrescent,DyingCrescent,DyingCrescent
11/06/15,,1,Fall,2,Star,Star,Star,Star,Star,Star,Sun,Birds,Birds,Birds,Birds,Star,Star,3,Full,Full,Full,Full,Full,NewMoon,NewMoon,NewMoon,NewMoon,DyingCrescent,DyingCrescent,DyingCrescent,DyingCrescent
11/07/15,,1,Fall,2,Star,Star,Star,Star,Star,Star,Sun,Birds,Birds,Birds,Birds,Star,Star,3,Full,Full,Full,Full,Full,NewMoon,NewMoon,NewMoon,NewMoon,DyingCrescent,DyingCrescent,DyingCrescent,DyingCrescent
11/08/15,,1,Fall,2,Star,Star,Star,Star,Star,Star,Sun,Birds,Birds,Birds,Birds,Star,Star,3,Full,Full,Full,Full,Full,NewMoon,NewMoon,NewMoon,NewMoon,DyingCrescent,DyingCrescent,DyingCrescent,DyingCrescent
11/09/15,,1,Fall,2,Star,Star,Star,Star,Star,Star,Sun,Birds,Birds,Birds,Birds,Star,Star,3,Full,Full,Full,Full,Full,NewMoon,NewMoon,NewMoon,NewMoon,DyingCrescent,DyingCrescent,DyingCrescent,DyingCrescent
11/10/15,,1,Fall,2,Star,Star,Star,Star,Star,Star,Sun,Birds,Birds,Birds,Birds,Star,Star,3,Full,Full,Full,Full,Full,NewMoon,NewMoon,NewMoon,NewMoon,DyingCrescent,DyingCrescent,DyingCrescent,DyingCrescent
11/11/15,,1,Fall,2,Star,Star,Star,Star,Star,Star,Sun,Birds,Birds,Birds,Birds,Star,Star,3,Full,Full,Full,Full,Full,NewMoon,NewMoon,NewMoon,NewMoon,DyingCrescent,DyingCrescent,DyingCrescent,DyingCrescent
11/12/15,,1,Fall,2,Star,Star,Star,Star,Star,Star,Sun,Birds,Birds,Birds,Birds,Star,Star,3,Full,Full,Full,Full,Full,NewMoon,NewMoon,NewMoon,NewMoon,DyingCrescent,DyingCrescent,DyingCrescent,DyingCrescent
11/13/15,,1,Fall,2,Star,Star,Star,Star,Star,Star,Sun,Birds,Birds,Birds,Birds,Star,Star,3,Full,Full,Full,Full,Full,NewMoon,NewMoon,NewMoon,NewMoon,DyingCrescent,DyingCrescent,DyingCrescent,DyingCrescent
11/14/15,,1,Fall,2,Star,Star,Star,Star,Star,Star,Sun,Birds,Birds,Birds,Birds,Star,Star,3,Full,Full,Full,Full,Full,NewMoon,NewMoon,NewMoon,NewMoon,DyingCrescent,DyingCrescent,DyingCrescent,DyingCrescent
11/15/15,,1,Fall,2,Star,Star,Star,Star,Star,Star,Sun,Birds,Birds,Birds,Birds,Star,Star,3,Full,Full,Full,Full,Full,NewMoon,NewMoon,NewMoon,NewMoon,DyingCrescent,DyingCrescent,DyingCrescent,DyingCrescent
11/16/15,,1,Fall,2,Star,Star,Star,Star,Star,Star,Sun,Birds,Birds,Birds,Birds,Star,Star,3,Full,Full,Full,Full,Full,NewMoon,NewMoon,NewMoon,NewMoon,DyingCrescent,DyingCrescent,DyingCrescent,DyingCrescent
11/17/15,,1,Fall,2,Star,Star,Star,Star,Star,Star,Sun,Birds,Birds,Birds,Birds,Star,Star,3,Full,Full,Full,Full,Full,NewMoon,NewMoon,NewMoon,NewMoon,DyingCrescent,DyingCrescent,DyingCrescent,DyingCrescent
11/18/15,,1,Fall,2,Star,Star,Star,Star,Star,Star,Sun,Birds,Birds,Birds,Birds,Star,Star,3,Full,Full,Full,Full,Full,NewMoon,NewMoon,NewMoon,NewMoon,DyingCrescent,DyingCrescent,DyingCrescent,DyingCrescent
11/19/15,,1,Fall,2,Star,Star,Star,Star,Star,Star,Sun,Birds,Birds,Birds,Birds,Star,Star,3,Full,Full,Full,Full,Full,NewMoon,NewMoon,NewMoon,NewMoon,DyingCrescent,DyingCrescent,DyingCrescent,DyingCrescent
11/20/15,,1,Fall,2,Star,Star,Star,Star,Star,Star,Sun,Birds,Birds,Birds,Birds,Star,Star,3,Full,Full,Full,Full,Full,NewMoon,NewMoon,NewMoon,NewMoon,DyingCrescent,DyingCrescent,DyingCrescent,DyingCrescent
11/21/15,,1,Fall,2,Star,Star,Star,Star,Star,Star,Sun,Birds,Birds,Birds,Birds,Star,Star,3,Full,Full,Full,Full,Full,NewMoon,NewMoon,NewMoon,NewMoon,DyingCrescent,DyingCrescent,DyingCrescent,DyingCrescent
11/22/15,,1,Fall,2,Star,Star,Star,Star,Star,Star,Sun,Birds,Birds,Birds,Birds,Star,Star,3,Full,Full,Full,Full,Full,NewMoon,NewMoon,NewMoon,NewMoon,DyingCrescent,DyingCrescent,DyingCrescent,DyingCrescent
11/23/15,,1,Fall,2,Star,Star,Star,Star,Star,Star,Sun,Birds,Birds,Birds,Birds,Star,Star,3,Full,Full,Full,Full,Full,NewMoon,NewMoon,NewMoon,NewMoon,DyingCrescent,DyingCrescent,DyingCrescent,DyingCrescent
11/24/15,,1,Fall,2,Star,Star,Star,Star,Star,Star,Sun,Birds,Birds,Birds,Birds,Star,Star,3,Full,Full,Full,Full,Full,NewMoon,NewMoon,NewMoon,NewMoon,DyingCrescent,DyingCrescent,DyingCrescent,DyingCrescent
11/25/15,,1,Fall,2,Star,Star,Star,Star,Star,Star,Sun,Birds,Birds,Birds,Birds,Star,Star,3,Full,Full,Full,Full,Full,NewMoon,NewMoon,NewMoon,NewMoon,DyingCrescent,DyingCrescent,DyingCrescent,DyingCrescent
11/26/15,,1,Fall,2,Star,Star,Star,Star,Star,Star,Sun,Birds,Birds,Birds,Birds,Star,Star,3,Full,Full,Full,Full,Full,NewMoon,NewMoon,NewMoon,NewMoon,DyingCrescent,DyingCrescent,DyingCrescent,DyingCrescent
11/27/15,,1,Fall,2,Star,Star,Star,Star,Star,Star,Sun,Birds,Birds,Birds,Birds,Star,Star,3,Full,Full,Full,Full,Full,NewMoon,NewMoon,NewMoon,NewMoon,DyingCrescent,DyingCrescent,DyingCrescent,DyingCrescent
11/28/15,,1,Fall,2,Star,Star,Star,Star,Star,Star,Sun,Birds,Birds,Birds,Birds,Star,Star,3,Full,Full,Full,Full,Full,NewMoon,NewMoon,NewMoon,NewMoon,DyingCrescent,DyingCrescent,DyingCrescent,DyingCrescent
11/29/15,,1,Fall,2,Star,Star,Star,Star,Star,Star,Sun,Birds,Birds,Birds,Birds,Star,Star,3,Full,Full,Full,Full,Full,NewMoon,NewMoon,NewMoon,NewMoon,DyingCrescent,DyingCrescent,DyingCrescent,DyingCrescent
11/30/15,,1,Fall,2,Star,Star,Star,Star,Star,Star,Sun,Birds,Birds,Birds,Birds,Star,Star,3,Full,Full,Full,Full,Full,NewMoon,NewMoon,NewMoon,NewMoon,DyingCrescent,DyingCrescent,DyingCrescent,DyingCrescent
12/01/15,,1,Winter,2,Star,Star,Star,Star,Star,Star,Sun,Birds,Birds,Birds,Birds,Star,Star,3,Full,Full,Full,Full,Full,NewMoon,NewMoon,NewMoon,NewMoon,DyingCrescent,DyingCrescent,DyingCrescent,DyingCrescent
12/02/15,,1,Winter,2,Star,Star,Star,Star,Star,Star,Sun,Birds,Birds,Birds,Birds,Star,Star,3,Full,Full,Full,Full,Full,NewMoon,NewMoon,NewMoon,NewMoon,DyingCrescent,DyingCrescent,DyingCrescent,DyingCrescent
12/03/15,,1,Winter,2,Star,Star,Star,Star,Star,Star,Sun,Birds,Birds,Birds,Birds,Star,Star,3,Full,Full,Full,Full,Full,NewMoon,NewMoon,NewMoon,NewMoon,DyingCrescent,DyingCrescent,DyingCrescent,DyingCrescent
12/04/15,,1,Winter,2,Star,Star,Star,Star,Star,Star,Sun,Birds,Birds,Birds,Birds,Star,Star,3,Full,Full,Full,Full,Full,NewMoon,NewMoon,NewMoon,NewMoon,DyingCrescent,DyingCrescent,DyingCrescent,DyingCrescent
12/05/15,,1,Winter,2,Star,Star,Star,Star,Star,Star,Sun,Birds,Birds,Birds,Birds,Star,Star,3,Full,Full,Full,Full,Full,NewMoon,NewMoon,NewMoon,NewMoon,DyingCrescent,DyingCrescent,DyingCrescent,DyingCrescent
12/06/15,,1,Winter,2,Star,Star,Star,Star,Star,Star,Sun,Birds,Birds,Birds,Birds,Star,Star,3,Full,Full,Full,Full,Full,NewMoon,NewMoon,NewMoon,NewMoon,DyingCrescent,DyingCrescent,DyingCrescent,DyingCrescent
12/07/15,,1,Winter,2,Star,Star,Star,Star,Star,Star,Sun,Birds,Birds,Birds,Birds,Star,Star,3,Full,Full,Full,Full,Full,NewMoon,NewMoon,NewMoon,NewMoon,DyingCrescent,DyingCrescent,DyingCrescent,DyingCrescent
12/08/15,,1,Winter,2,Star,Star,Star,Star,Star,Star,Sun,Birds,Birds,Birds,Birds,Star,Star,3,Full,Full,Full,Full,Full,NewMoon,NewMoon,NewMoon,NewMoon,DyingCrescent,DyingCrescent,DyingCrescent,DyingCrescent
12/09/15,,1,Winter,2,Star,Star,Star,Star,Star,Star,Sun,Birds,Birds,Birds,Birds,Star,Star,3,Full,Full,Full,Full,Full,NewMoon,NewMoon,NewMoon,NewMoon,DyingCrescent,DyingCrescent,DyingCrescent,DyingCrescent
12/10/15,,1,Winter,2,Star,Star,Star,Star,Star,Star,Sun,Birds,Birds,Birds,Birds,Star,Star,3,Full,Full,Full,Full,Full,NewMoon,NewMoon,NewMoon,NewMoon,DyingCrescent,DyingCrescent,DyingCrescent,DyingCrescent
12/11/15,,1,Winter,2,Star,Star,Star,Star,Star,Star,Sun,Birds,Birds,Birds,Birds,Star,Star,3,Full,Full,Full,Full,Full,NewMoon,NewMoon,NewMoon,NewMoon,DyingCrescent,DyingCrescent,DyingCrescent,DyingCrescent
12/12/15,,1,Winter,2,Star,Star,Star,Star,Star,Star,Sun,Birds,Birds,Birds,Birds,Star,Star,3,Full,Full,Full,Full,Full,NewMoon,NewMoon,NewMoon,NewMoon,DyingCrescent,DyingCrescent,DyingCrescent,DyingCrescent
12/13/15,,1,Winter,2,Star,Star,Star,Star,Star,Star,Sun,Birds,Birds,Birds,Birds,Star,Star,3,Full,Full,Full,Full,Full,NewMoon,NewMoon,NewMoon,NewMoon,DyingCrescent,DyingCrescent,DyingCrescent,DyingCrescent
12/14/15,,1,Winter,2,Star,Star,Star,Star,Star,Star,Sun,Birds,Birds,Birds,Birds,Star,Star,3,Full,Full,Full,Full,Full,NewMoon,NewMoon,NewMoon,NewMoon,DyingCrescent,DyingCrescent,DyingCrescent,DyingCrescent
12/15/15,,1,Winter,2,Star,Star,Star,Star,Star,Star,Sun,Birds,Birds,Birds,Birds,Star,Star,3,Full,Full,Full,Full,Full,NewMoon,NewMoon,NewMoon,NewMoon,DyingCrescent,DyingCrescent,DyingCrescent,DyingCrescent
12/16/15,,1,Winter,2,Star,Star,Star,Star,Star,Star,Sun,Birds,Birds,Birds,Birds,Star,Star,3,Full,Full,Full,Full,Full,NewMoon,NewMoon,NewMoon,NewMoon,DyingCrescent,DyingCrescent,DyingCrescent,DyingCrescent
12/17/15,,1,Winter,2,Star,Star,Star,Star,Star,Star,Sun,Birds,Birds,Birds,Birds,Star,Star,3,Full,Full,Full,Full,Full,NewMoon,NewMoon,NewMoon,NewMoon,DyingCrescent,DyingCrescent,DyingCrescent,DyingCrescent
12/18/15,,1,Winter,2,Star,Star,Star,Star,Star,Star,Sun,Birds,Birds,Birds,Birds,Star,Star,3,Full,Full,Full,Full,Full,NewMoon,NewMoon,NewMoon,NewMoon,DyingCrescent,DyingCrescent,DyingCrescent,DyingCrescent
12/19/15,,1,Winter,2,Star,Star,Star,Star,Star,Star,Sun,Birds,Birds,Birds,Birds,Star,Star,3,Full,Full,Full,Full,Full,NewMoon,NewMoon,NewMoon,NewMoon,DyingCrescent,DyingCrescent,DyingCrescent,DyingCrescent
12/20/15,,1,Winter,2,Star,Star,Star,Star,Star,Star,Sun,Birds,Birds,Birds,Birds,Star,Star,3,Full,Full,Full,Full,Full,NewMoon,NewMoon,NewMoon,NewMoon,DyingCrescent,DyingCrescent,DyingCrescent,DyingCrescent
12/21/15,,1,Winter,2,Star,Star,Star,Star,Star,Star,Sun,Birds,Birds,Birds,Birds,Star,Star,3,Full,Full,Full,Full,Full,NewMoon,NewMoon,NewMoon,NewMoon,DyingCrescent,DyingCrescent,DyingCrescent,DyingCrescent
12/22/15,,1,Winter,2,Star,Star,Star,Star,Star,Star,Sun,Birds,Birds,Birds,Birds,Star,Star,3,Full,Full,Full,Full,Full,NewMoon,NewMoon,NewMoon,NewMoon,DyingCrescent,DyingCrescent,DyingCrescent,DyingCrescent
12/23/15,,1,Winter,2,Star,Star,Star,Star,Star,Star,Sun,Birds,Birds,Birds,Birds,Star,Star,3,Full,Full,Full,Full,Full,NewMoon,NewMoon,NewMoon,NewMoon,DyingCrescent,DyingCrescent,DyingCrescent,DyingCrescent
12/24/15,Its Christmas Eve!,1,Winter,2,Star,Star,Star,Star,Star,Star,Sun,Birds,Birds,Birds,Birds,Star,Star,3,Full,Full,Full,Full,Full,NewMoon,NewMoon,NewMoon,NewMoon,DyingCrescent,DyingCrescent,DyingCrescent,DyingCrescent
12/25/15,Merry Christmas,1,Winter,2,Star,Star,Star,Star,Star,Star,Sun,Birds,Birds,Birds,Birds,Star,Star,3,Full,Full,Full,Full,Full,NewMoon,NewMoon,NewMoon,NewMoon,DyingCrescent,DyingCrescent,DyingCrescent,DyingCrescent
12/26/15,,1,Winter,2,Star,Star,Star,Star,Star,Star,Sun,Birds,Birds,Birds,Birds,Star,Star,3,Full,Full,Full,Full,Full,NewMoon,NewMoon,NewMoon,NewMoon,DyingCrescent,DyingCrescent,DyingCrescent,DyingCrescent
12/27/15,,1,Winter,2,Star,Star,Star,Star,Star,Star,Sun,Birds,Birds,Birds,Birds,Star,Star,3,Full,Full,Full,Full,Full,NewMoon,NewMoon,NewMoon,NewMoon,DyingCrescent,DyingCrescent,DyingCrescent,DyingCrescent
12/28/15,,1,Winter,2,Star,Star,Star,Star,Star,Star,Sun,Birds,Birds,Birds,Birds,Star,Star,3,Full,Full,Full,Full,Full,NewMoon,NewMoon,NewMoon,NewMoon,DyingCrescent,DyingCrescent,DyingCrescent,DyingCrescent
12/29/15,,1,Winter,2,Star,Star,Star,Star,Star,Star,Sun,Birds,Birds,Birds,Birds,Star,Star,3,Full,Full,Full,Full,Full,NewMoon,NewMoon,NewMoon,NewMoon,DyingCrescent,DyingCrescent,DyingCrescent,DyingCrescent
12/30/15,,1,Winter,2,Star,Star,Star,Star,Star,Star,Sun,Birds,Birds,Birds,Birds,Star,Star,3,Full,Full,Full,Full,Full,NewMoon,NewMoon,NewMoon,NewMoon,DyingCrescent,DyingCrescent,DyingCrescent,DyingCrescent
12/31/15,,1,Winter,2,Star,Star,Star,Star,Star,Star,Sun,Birds,Birds,Birds,Birds,Star,Star,3,Full,Full,Full,Full,Full,NewMoon,NewMoon,NewMoon,NewMoon,DyingCrescent,DyingCrescent,DyingCrescent,DyingCrescent
